n,event,value
7546,fifo_overflow,171
7561,fifo_overflow,172
7562,fifo_overflow,173
7563,fifo_overflow,174
7564,fifo_overflow,175
7565,fifo_overflow,176
7566,fifo_overflow,177
7567,fifo_overflow,178
7568,fifo_overflow,179
7569,fifo_overflow,180
7570,fifo_overflow,181
7571,fifo_overflow,182
7572,fifo_overflow,183
7573,fifo_overflow,184
7574,fifo_overflow,185
7575,fifo_overflow,186
7576,fifo_overflow,187
7577,fifo_overflow,188
7578,fifo_overflow,189
7579,fifo_overflow,190
7580,fifo_overflow,191
7581,fifo_overflow,192
7582,fifo_overflow,193
7583,fifo_overflow,194
7584,fifo_overflow,195
7585,fifo_overflow,196
7586,fifo_overflow,197
7587,fifo_overflow,198
7588,fifo_overflow,199
7589,fifo_overflow,200
7590,fifo_overflow,201
7591,fifo_overflow,202
7592,fifo_overflow,203
7593,fifo_overflow,204
7594,fifo_overflow,205
7595,fifo_overflow,206
7596,fifo_overflow,207
7597,fifo_overflow,208
7598,fifo_overflow,209
7599,fifo_overflow,210
7600,fifo_overflow,211
7601,fifo_overflow,212
7602,fifo_overflow,213
7603,fifo_overflow,214
7604,fifo_overflow,215
7605,fifo_overflow,216
7606,fifo_overflow,217
7607,fifo_overflow,218
7608,fifo_overflow,219
7609,fifo_overflow,220
7610,fifo_overflow,221
7611,fifo_overflow,222
7612,fifo_overflow,223
7613,fifo_overflow,224
7614,fifo_overflow,225
7615,fifo_overflow,226
7616,fifo_overflow,227
7617,fifo_overflow,228
7618,fifo_overflow,229
7619,fifo_overflow,230
7620,fifo_overflow,231
7621,fifo_overflow,232
7622,fifo_overflow,233
7623,fifo_overflow,234
7624,fifo_overflow,235
7625,fifo_overflow,236
7626,fifo_overflow,237
7627,fifo_overflow,238
7628,fifo_overflow,239
7629,fifo_overflow,240
7630,fifo_overflow,241
7631,fifo_overflow,242
7632,fifo_overflow,243
7633,fifo_overflow,244
7634,fifo_overflow,245
7635,fifo_overflow,246
7636,fifo_overflow,247
7637,fifo_overflow,248
7638,fifo_overflow,249
7639,fifo_overflow,250
7640,fifo_overflow,251
7641,fifo_overflow,252
7642,fifo_overflow,253
7643,fifo_overflow,254
7644,fifo_overflow,255
7645,fifo_overflow,256
7646,fifo_overflow,257
7647,fifo_overflow,258
7648,fifo_overflow,259
7649,fifo_overflow,260
7650,fifo_overflow,261
7651,fifo_overflow,262
7652,fifo_overflow,263
7653,fifo_overflow,264
7654,fifo_overflow,265
7655,fifo_overflow,266
7656,fifo_overflow,267
7657,fifo_overflow,268
7658,fifo_overflow,269
7659,fifo_overflow,270
7660,fifo_overflow,271
7661,fifo_overflow,272
7662,fifo_overflow,273
7663,fifo_overflow,274
7664,fifo_overflow,275
7665,fifo_overflow,276
7666,fifo_overflow,277
7667,fifo_overflow,278
7668,fifo_overflow,279
7669,fifo_overflow,280
7670,fifo_overflow,281
7671,fifo_overflow,282
7672,fifo_overflow,283
7673,fifo_overflow,284
7674,fifo_overflow,285
7675,fifo_overflow,286
7676,fifo_overflow,287
7677,fifo_overflow,288
7678,fifo_overflow,289
7679,fifo_overflow,290
7680,fifo_overflow,291
7681,fifo_overflow,292
7682,fifo_overflow,293
7683,fifo_overflow,294
7684,fifo_overflow,295
7685,fifo_overflow,296
7686,fifo_overflow,297
7687,fifo_overflow,298
7688,fifo_overflow,299
7689,fifo_overflow,300
7690,fifo_overflow,301
7691,fifo_overflow,302
7692,fifo_overflow,303
7693,fifo_overflow,304
7694,fifo_overflow,305
7695,fifo_overflow,306
7696,fifo_overflow,307
7697,fifo_overflow,308
7698,fifo_overflow,309
7699,fifo_overflow,310
7700,fifo_overflow,311
7701,fifo_overflow,312
7702,fifo_overflow,313
7703,fifo_overflow,314
7704,fifo_overflow,315
7705,fifo_overflow,316
7706,fifo_overflow,317
7707,fifo_overflow,318
7708,fifo_overflow,319
7709,fifo_overflow,320
7710,fifo_overflow,321
7711,fifo_overflow,322
7712,fifo_overflow,323
7713,fifo_overflow,324
7714,fifo_overflow,325
7715,fifo_overflow,326
7716,fifo_overflow,327
7717,fifo_overflow,328
7718,fifo_overflow,329
7719,fifo_overflow,330
7720,fifo_overflow,331
7721,fifo_overflow,332
7722,fifo_overflow,333
7723,fifo_overflow,334
7724,fifo_overflow,335
7725,fifo_overflow,336
7726,fifo_overflow,337
7727,fifo_overflow,338
7728,fifo_overflow,339
7729,fifo_overflow,340
7730,fifo_overflow,341
7731,fifo_overflow,342
7732,fifo_overflow,343
7733,fifo_overflow,344
7734,fifo_overflow,345
7735,fifo_overflow,346
7736,fifo_overflow,347
7737,fifo_overflow,348
7738,fifo_overflow,349
7739,fifo_overflow,350
7740,fifo_overflow,351
7741,fifo_overflow,352
7742,fifo_overflow,353
7743,fifo_overflow,354
7744,fifo_overflow,355
7745,fifo_overflow,356
7746,fifo_overflow,357
7747,fifo_overflow,358
7748,fifo_overflow,359
7749,fifo_overflow,360
7750,fifo_overflow,361
7751,fifo_overflow,362
7752,fifo_overflow,363
7753,fifo_overflow,364
7754,fifo_overflow,365
7755,fifo_overflow,366
7756,fifo_overflow,367
7757,fifo_overflow,368
7758,fifo_overflow,369
7759,fifo_overflow,370
7760,fifo_overflow,371
7761,fifo_overflow,372
7762,fifo_overflow,373
7763,fifo_overflow,374
7764,fifo_overflow,375
7765,fifo_overflow,376
7766,fifo_overflow,377
7767,fifo_overflow,378
7768,fifo_overflow,379
7769,fifo_overflow,380
7770,fifo_overflow,381
7771,fifo_overflow,382
7772,fifo_overflow,383
7773,fifo_overflow,384
7774,fifo_overflow,385
7775,fifo_overflow,386
7776,fifo_overflow,387
7777,fifo_overflow,388
7778,fifo_overflow,389
7779,fifo_overflow,390
7780,fifo_overflow,391
7781,fifo_overflow,392
7782,fifo_overflow,393
7783,fifo_overflow,394
7784,fifo_overflow,395
7785,fifo_overflow,396
7786,fifo_overflow,397
7787,fifo_overflow,398
7788,fifo_overflow,399
7789,fifo_overflow,400
7790,fifo_overflow,401
7791,fifo_overflow,402
7792,fifo_overflow,403
7793,fifo_overflow,404
7794,fifo_overflow,405
7795,fifo_overflow,406
7796,fifo_overflow,407
7797,fifo_overflow,408
7798,fifo_overflow,409
7799,fifo_overflow,410
7800,fifo_overflow,411
7801,fifo_overflow,412
7802,fifo_overflow,413
7803,fifo_overflow,414
7804,fifo_overflow,415
7805,fifo_overflow,416
7806,fifo_overflow,417
7807,fifo_overflow,418
7808,fifo_overflow,419
7809,fifo_overflow,420
7810,fifo_overflow,421
7811,fifo_overflow,422
7812,fifo_overflow,423
7813,fifo_overflow,424
7814,fifo_overflow,425
7815,fifo_overflow,426
7816,fifo_overflow,427
7817,fifo_overflow,428
7818,fifo_overflow,429
7819,fifo_overflow,430
7820,fifo_overflow,431
7821,fifo_overflow,432
7822,fifo_overflow,433
7823,fifo_overflow,434
7824,fifo_overflow,435
7825,fifo_overflow,436
7826,fifo_overflow,437
7827,fifo_overflow,438
7828,fifo_overflow,439
7829,fifo_overflow,440
7830,fifo_overflow,441
7831,fifo_overflow,442
7832,fifo_overflow,443
7833,fifo_overflow,444
7834,fifo_overflow,445
7835,fifo_overflow,446
7836,fifo_overflow,447
7837,fifo_overflow,448
7838,fifo_overflow,449
7839,fifo_overflow,450
7840,fifo_overflow,451
7841,fifo_overflow,452
7842,fifo_overflow,453
7843,fifo_overflow,454
7844,fifo_overflow,455
7845,fifo_overflow,456
7846,fifo_overflow,457
7847,fifo_overflow,458
7848,fifo_overflow,459
7849,fifo_overflow,460
7850,fifo_overflow,461
7851,fifo_overflow,462
7852,fifo_overflow,463
7853,fifo_overflow,464
7854,fifo_overflow,465
7855,fifo_overflow,466
7856,fifo_overflow,467
7857,fifo_overflow,468
7858,fifo_overflow,469
7859,fifo_overflow,470
7860,fifo_overflow,471
7861,fifo_overflow,472
7862,fifo_overflow,473
7863,fifo_overflow,474
7864,fifo_overflow,475
7865,fifo_overflow,476
7866,fifo_overflow,477
7867,fifo_overflow,478
7868,fifo_overflow,479
7869,fifo_overflow,480
7870,fifo_overflow,481
7871,fifo_overflow,482
7872,fifo_overflow,483
7873,fifo_overflow,484
7874,fifo_overflow,485
7875,fifo_overflow,486
7876,fifo_overflow,487
7877,fifo_overflow,488
7878,fifo_overflow,489
7879,fifo_overflow,490
7880,fifo_overflow,491
7881,fifo_overflow,492
7882,fifo_overflow,493
7883,fifo_overflow,494
7884,fifo_overflow,495
7885,fifo_overflow,496
7886,fifo_overflow,497
7887,fifo_overflow,498
7888,fifo_overflow,499
7889,fifo_overflow,500
7890,fifo_overflow,501
7891,fifo_overflow,502
7892,fifo_overflow,503
7893,fifo_overflow,504
7894,fifo_overflow,505
7895,fifo_overflow,506
7896,fifo_overflow,507
7897,fifo_overflow,508
7898,fifo_overflow,509
7899,fifo_overflow,510
7900,fifo_overflow,511
7901,fifo_overflow,512
7902,fifo_overflow,513
7903,fifo_overflow,514
7904,fifo_overflow,515
7905,fifo_overflow,516
7906,fifo_overflow,517
7907,fifo_overflow,518
7908,fifo_overflow,519
7909,fifo_overflow,520
7910,fifo_overflow,521
7911,fifo_overflow,522
7912,fifo_overflow,523
7913,fifo_overflow,524
7914,fifo_overflow,525
7915,fifo_overflow,526
7916,fifo_overflow,527
7917,fifo_overflow,528
7918,fifo_overflow,529
7919,fifo_overflow,530
7920,fifo_overflow,531
7921,fifo_overflow,532
7922,fifo_overflow,533
7923,fifo_overflow,534
7924,fifo_overflow,535
7925,fifo_overflow,536
7926,fifo_overflow,537
7927,fifo_overflow,538
7928,fifo_overflow,539
7929,fifo_overflow,540
7930,fifo_overflow,541
7931,fifo_overflow,542
7932,fifo_overflow,543
7933,fifo_overflow,544
7934,fifo_overflow,545
7935,fifo_overflow,546
7936,fifo_overflow,547
7937,fifo_overflow,548
7938,fifo_overflow,549
7939,fifo_overflow,550
7940,fifo_overflow,551
7941,fifo_overflow,552
7942,fifo_overflow,553
7943,fifo_overflow,554
7944,fifo_overflow,555
7945,fifo_overflow,556
7946,fifo_overflow,557
7947,fifo_overflow,558
7948,fifo_overflow,559
7949,fifo_overflow,560
7950,fifo_overflow,561
7951,fifo_overflow,562
7952,fifo_overflow,563
7953,fifo_overflow,564
7954,fifo_overflow,565
7955,fifo_overflow,566
7956,fifo_overflow,567
7957,fifo_overflow,568
7958,fifo_overflow,569
7959,fifo_overflow,570
7960,fifo_overflow,571
7961,fifo_overflow,572
7962,fifo_overflow,573
7963,fifo_overflow,574
7964,fifo_overflow,575
7965,fifo_overflow,576
7966,fifo_overflow,577
7967,fifo_overflow,578
7968,fifo_overflow,579
7969,fifo_overflow,580
7970,fifo_overflow,581
7971,fifo_overflow,582
7972,fifo_overflow,583
7973,fifo_overflow,584
7974,fifo_overflow,585
7975,fifo_overflow,586
7976,fifo_overflow,587
7977,fifo_overflow,588
7978,fifo_overflow,589
7979,fifo_overflow,590
7980,fifo_overflow,591
7981,fifo_overflow,592
7982,fifo_overflow,593
7983,fifo_overflow,594
7984,fifo_overflow,595
7985,fifo_overflow,596
7986,fifo_overflow,597
7987,fifo_overflow,598
7988,fifo_overflow,599
7989,fifo_overflow,600
7990,fifo_overflow,601
7991,fifo_overflow,602
7992,fifo_overflow,603
7993,fifo_overflow,604
7994,fifo_overflow,605
7995,fifo_overflow,606
7996,fifo_overflow,607
7997,fifo_overflow,608
7998,fifo_overflow,609
7999,fifo_overflow,610
8000,fifo_overflow,611
8001,fifo_overflow,612
8002,fifo_overflow,613
8003,fifo_overflow,614
8004,fifo_overflow,615
8005,fifo_overflow,616
8006,fifo_overflow,617
8007,fifo_overflow,618
8008,fifo_overflow,619
8009,fifo_overflow,620
8010,fifo_overflow,621
8011,fifo_overflow,622
8012,fifo_overflow,623
8013,fifo_overflow,624
8014,fifo_overflow,625
8015,fifo_overflow,626
8016,fifo_overflow,627
8017,fifo_overflow,628
8018,fifo_overflow,629
8019,fifo_overflow,630
8020,fifo_overflow,631
8021,fifo_overflow,632
8022,fifo_overflow,633
8023,fifo_overflow,634
8024,fifo_overflow,635
8025,fifo_overflow,636
8026,fifo_overflow,637
8027,fifo_overflow,638
8028,fifo_overflow,639
8029,fifo_overflow,640
8030,fifo_overflow,641
8031,fifo_overflow,642
8032,fifo_overflow,643
8033,fifo_overflow,644
8034,fifo_overflow,645
8035,fifo_overflow,646
8036,fifo_overflow,647
8037,fifo_overflow,648
8038,fifo_overflow,649
8039,fifo_overflow,650
8040,fifo_overflow,651
8041,fifo_overflow,652
8042,fifo_overflow,653
8043,fifo_overflow,654
8044,fifo_overflow,655
8045,fifo_overflow,656
8046,fifo_overflow,657
8047,fifo_overflow,658
8048,fifo_overflow,659
8049,fifo_overflow,660
8050,fifo_overflow,661
8051,fifo_overflow,662
8052,fifo_overflow,663
8053,fifo_overflow,664
8054,fifo_overflow,665
8055,fifo_overflow,666
8056,fifo_overflow,667
8057,fifo_overflow,668
8058,fifo_overflow,669
8059,fifo_overflow,670
8060,fifo_overflow,671
8061,fifo_overflow,672
8062,fifo_overflow,673
8063,fifo_overflow,674
8064,fifo_overflow,675
8065,fifo_overflow,676
8066,fifo_overflow,677
8067,fifo_overflow,678
8068,fifo_overflow,679
8069,fifo_overflow,680
8070,fifo_overflow,681
8071,fifo_overflow,682
8072,fifo_overflow,683
8073,fifo_overflow,684
8074,fifo_overflow,685
8075,fifo_overflow,686
8076,fifo_overflow,687
8077,fifo_overflow,688
8078,fifo_overflow,689
8079,fifo_overflow,690
8080,fifo_overflow,691
8081,fifo_overflow,692
8082,fifo_overflow,693
8083,fifo_overflow,694
8084,fifo_overflow,695
8085,fifo_overflow,696
8086,fifo_overflow,697
8087,fifo_overflow,698
8088,fifo_overflow,699
8089,fifo_overflow,700
8090,fifo_overflow,701
8091,fifo_overflow,702
8092,fifo_overflow,703
8093,fifo_overflow,704
8094,fifo_overflow,705
8095,fifo_overflow,706
8096,fifo_overflow,707
8097,fifo_overflow,708
8098,fifo_overflow,709
8099,fifo_overflow,710
8100,fifo_overflow,711
8101,fifo_overflow,712
8102,fifo_overflow,713
8103,fifo_overflow,714
8104,fifo_overflow,715
8105,fifo_overflow,716
8106,fifo_overflow,717
8107,fifo_overflow,718
8108,fifo_overflow,719
8109,fifo_overflow,720
8110,fifo_overflow,721
8111,fifo_overflow,722
8112,fifo_overflow,723
8113,fifo_overflow,724
8114,fifo_overflow,725
8115,fifo_overflow,726
8116,fifo_overflow,727
8117,fifo_overflow,728
8118,fifo_overflow,729
8119,fifo_overflow,730
8120,fifo_overflow,731
8121,fifo_overflow,732
8122,fifo_overflow,733
8123,fifo_overflow,734
8124,fifo_overflow,735
8125,fifo_overflow,736
8126,fifo_overflow,737
8127,fifo_overflow,738
8128,fifo_overflow,739
8129,fifo_overflow,740
8130,fifo_overflow,741
8131,fifo_overflow,742
8132,fifo_overflow,743
8133,fifo_overflow,744
8134,fifo_overflow,745
8135,fifo_overflow,746
8136,fifo_overflow,747
8137,fifo_overflow,748
8138,fifo_overflow,749
8139,fifo_overflow,750
8140,fifo_overflow,751
8141,fifo_overflow,752
8142,fifo_overflow,753
8143,fifo_overflow,754
8144,fifo_overflow,755
8145,fifo_overflow,756
8146,fifo_overflow,757
8147,fifo_overflow,758
8148,fifo_overflow,759
8149,fifo_overflow,760
8150,fifo_overflow,761
8151,fifo_overflow,762
8152,fifo_overflow,763
8153,fifo_overflow,764
8154,fifo_overflow,765
8155,fifo_overflow,766
8156,fifo_overflow,767
8157,fifo_overflow,768
8158,fifo_overflow,769
8159,fifo_overflow,770
8160,fifo_overflow,771
8161,fifo_overflow,772
8162,fifo_overflow,773
8163,fifo_overflow,774
8164,fifo_overflow,775
8165,fifo_overflow,776
8166,fifo_overflow,777
8167,fifo_overflow,778
8168,fifo_overflow,779
8169,fifo_overflow,780
8170,fifo_overflow,781
8171,fifo_overflow,782
8172,fifo_overflow,783
8173,fifo_overflow,784
8174,fifo_overflow,785
8175,fifo_overflow,786
8176,fifo_overflow,787
8177,fifo_overflow,788
8178,fifo_overflow,789
8179,fifo_overflow,790
8180,fifo_overflow,791
8181,fifo_overflow,792
8182,fifo_overflow,793
8183,fifo_overflow,794
8184,fifo_overflow,795
8185,fifo_overflow,796
8186,fifo_overflow,797
8187,fifo_overflow,798
8188,fifo_overflow,799
8189,fifo_overflow,800
8190,fifo_overflow,801
8191,fifo_overflow,802
8192,fifo_overflow,803
8193,fifo_overflow,804
8194,fifo_overflow,805
8195,fifo_overflow,806
8196,fifo_overflow,807
8197,fifo_overflow,808
8198,fifo_overflow,809
8199,fifo_overflow,810
8200,fifo_overflow,811
8201,fifo_overflow,812
8202,fifo_overflow,813
8203,fifo_overflow,814
8204,fifo_overflow,815
8205,fifo_overflow,816
8206,fifo_overflow,817
8207,fifo_overflow,818
8208,fifo_overflow,819
8209,fifo_overflow,820
8210,fifo_overflow,821
8211,fifo_overflow,822
8212,fifo_overflow,823
8213,fifo_overflow,824
8214,fifo_overflow,825
8215,fifo_overflow,826
8216,fifo_overflow,827
8217,fifo_overflow,828
8218,fifo_overflow,829
8219,fifo_overflow,830
8220,fifo_overflow,831
8221,fifo_overflow,832
8222,fifo_overflow,833
8223,fifo_overflow,834
8224,fifo_overflow,835
8225,fifo_overflow,836
8226,fifo_overflow,837
8227,fifo_overflow,838
8228,fifo_overflow,839
8229,fifo_overflow,840
8230,fifo_overflow,841
8231,fifo_overflow,842
8232,fifo_overflow,843
8233,fifo_overflow,844
8234,fifo_overflow,845
8235,fifo_overflow,846
8236,fifo_overflow,847
8237,fifo_overflow,848
8238,fifo_overflow,849
8239,fifo_overflow,850
8240,fifo_overflow,851
8241,fifo_overflow,852
8242,fifo_overflow,853
8243,fifo_overflow,854
8244,fifo_overflow,855
8245,fifo_overflow,856
8246,fifo_overflow,857
8247,fifo_overflow,858
8248,fifo_overflow,859
8249,fifo_overflow,860
8250,fifo_overflow,861
8251,fifo_overflow,862
8252,fifo_overflow,863
8253,fifo_overflow,864
8254,fifo_overflow,865
8255,fifo_overflow,866
8256,fifo_overflow,867
8257,fifo_overflow,868
8258,fifo_overflow,869
8259,fifo_overflow,870
8260,fifo_overflow,871
8261,fifo_overflow,872
8262,fifo_overflow,873
8263,fifo_overflow,874
8264,fifo_overflow,875
8265,fifo_overflow,876
8266,fifo_overflow,877
8267,fifo_overflow,878
8268,fifo_overflow,879
8269,fifo_overflow,880
8270,fifo_overflow,881
8271,fifo_overflow,882
8272,fifo_overflow,883
8273,fifo_overflow,884
8274,fifo_overflow,885
8275,fifo_overflow,886
8276,fifo_overflow,887
8277,fifo_overflow,888
8278,fifo_overflow,889
8279,fifo_overflow,890
8280,fifo_overflow,891
8281,fifo_overflow,892
8282,fifo_overflow,893
8283,fifo_overflow,894
8284,fifo_overflow,895
8285,fifo_overflow,896
8286,fifo_overflow,897
8287,fifo_overflow,898
8288,fifo_overflow,899
8289,fifo_overflow,900
8290,fifo_overflow,901
8291,fifo_overflow,902
8292,fifo_overflow,903
8293,fifo_overflow,904
8294,fifo_overflow,905
8295,fifo_overflow,906
8296,fifo_overflow,907
8297,fifo_overflow,908
8298,fifo_overflow,909
8299,fifo_overflow,910
8300,fifo_overflow,911
8301,fifo_overflow,912
8302,fifo_overflow,913
8303,fifo_overflow,914
8304,fifo_overflow,915
8305,fifo_overflow,916
8306,fifo_overflow,917
8307,fifo_overflow,918
8308,fifo_overflow,919
8309,fifo_overflow,920
8310,fifo_overflow,921
8311,fifo_overflow,922
8312,fifo_overflow,923
8313,fifo_overflow,924
8314,fifo_overflow,925
8315,fifo_overflow,926
8316,fifo_overflow,927
8317,fifo_overflow,928
8318,fifo_overflow,929
8319,fifo_overflow,930
8320,fifo_overflow,931
8321,fifo_overflow,932
8322,fifo_overflow,933
8323,fifo_overflow,934
8324,fifo_overflow,935
8325,fifo_overflow,936
8326,fifo_overflow,937
8327,fifo_overflow,938
8328,fifo_overflow,939
8329,fifo_overflow,940
8330,fifo_overflow,941
8331,fifo_overflow,942
8332,fifo_overflow,943
8333,fifo_overflow,944
8334,fifo_overflow,945
8335,fifo_overflow,946
8336,fifo_overflow,947
8337,fifo_overflow,948
8338,fifo_overflow,949
8339,fifo_overflow,950
8340,fifo_overflow,951
8341,fifo_overflow,952
8342,fifo_overflow,953
8343,fifo_overflow,954
8344,fifo_overflow,955
8345,fifo_overflow,956
8346,fifo_overflow,957
8347,fifo_overflow,958
8348,fifo_overflow,959
8349,fifo_overflow,960
8350,fifo_overflow,961
8351,fifo_overflow,962
8352,fifo_overflow,963
8353,fifo_overflow,964
8354,fifo_overflow,965
8355,fifo_overflow,966
8356,fifo_overflow,967
8357,fifo_overflow,968
8358,fifo_overflow,969
8359,fifo_overflow,970
8360,fifo_overflow,971
8361,fifo_overflow,972
8362,fifo_overflow,973
8363,fifo_overflow,974
8364,fifo_overflow,975
8365,fifo_overflow,976
8366,fifo_overflow,977
8367,fifo_overflow,978
8368,fifo_overflow,979
8369,fifo_overflow,980
8370,fifo_overflow,981
8371,fifo_overflow,982
8372,fifo_overflow,983
8373,fifo_overflow,984
8374,fifo_overflow,985
8375,fifo_overflow,986
8376,fifo_overflow,987
8377,fifo_overflow,988
8378,fifo_overflow,989
8379,fifo_overflow,990
8380,fifo_overflow,991
8381,fifo_overflow,992
8382,fifo_overflow,993
8383,fifo_overflow,994
8384,fifo_overflow,995
8385,fifo_overflow,996
8386,fifo_overflow,997
8387,fifo_overflow,998
8388,fifo_overflow,999
8389,fifo_overflow,1000
8390,fifo_overflow,1001
8391,fifo_overflow,1002
8392,fifo_overflow,1003
8393,fifo_overflow,1004
8394,fifo_overflow,1005
8395,fifo_overflow,1006
8396,fifo_overflow,1007
8397,fifo_overflow,1008
8398,fifo_overflow,1009
8399,fifo_overflow,1010
8400,fifo_overflow,1011
8401,fifo_overflow,1012
8402,fifo_overflow,1013
8403,fifo_overflow,1014
8404,fifo_overflow,1015
8405,fifo_overflow,1016
8406,fifo_overflow,1017
8407,fifo_overflow,1018
8408,fifo_overflow,1019
8409,fifo_overflow,1020
8410,fifo_overflow,1021
8411,fifo_overflow,1022
8412,fifo_overflow,1023
8413,fifo_overflow,1024
8414,fifo_overflow,1025
8415,fifo_overflow,1026
8416,fifo_overflow,1027
8417,fifo_overflow,1028
8418,fifo_overflow,1029
8419,fifo_overflow,1030
8420,fifo_overflow,1031
8421,fifo_overflow,1032
8422,fifo_overflow,1033
8423,fifo_overflow,1034
8424,fifo_overflow,1035
8425,fifo_overflow,1036
8426,fifo_overflow,1037
8427,fifo_overflow,1038
8428,fifo_overflow,1039
8429,fifo_overflow,1040
8430,fifo_overflow,1041
8431,fifo_overflow,1042
8432,fifo_overflow,1043
8433,fifo_overflow,1044
8434,fifo_overflow,1045
8435,fifo_overflow,1046
8436,fifo_overflow,1047
8437,fifo_overflow,1048
8438,fifo_overflow,1049
8439,fifo_overflow,1050
8440,fifo_overflow,1051
8441,fifo_overflow,1052
8442,fifo_overflow,1053
8443,fifo_overflow,1054
8444,fifo_overflow,1055
8445,fifo_overflow,1056
8446,fifo_overflow,1057
8447,fifo_overflow,1058
8448,fifo_overflow,1059
8449,fifo_overflow,1060
8450,fifo_overflow,1061
8451,fifo_overflow,1062
8452,fifo_overflow,1063
8453,fifo_overflow,1064
8454,fifo_overflow,1065
8455,fifo_overflow,1066
8456,fifo_overflow,1067
8457,fifo_overflow,1068
8458,fifo_overflow,1069
8459,fifo_overflow,1070
8460,fifo_overflow,1071
8461,fifo_overflow,1072
8462,fifo_overflow,1073
8463,fifo_overflow,1074
8464,fifo_overflow,1075
8465,fifo_overflow,1076
8466,fifo_overflow,1077
8467,fifo_overflow,1078
8468,fifo_overflow,1079
8469,fifo_overflow,1080
8470,fifo_overflow,1081
8471,fifo_overflow,1082
8472,fifo_overflow,1083
8473,fifo_overflow,1084
8474,fifo_overflow,1085
8475,fifo_overflow,1086
8476,fifo_overflow,1087
8477,fifo_overflow,1088
8478,fifo_overflow,1089
8479,fifo_overflow,1090
8480,fifo_overflow,1091
8481,fifo_overflow,1092
8482,fifo_overflow,1093
8483,fifo_overflow,1094
8484,fifo_overflow,1095
8485,fifo_overflow,1096
8486,fifo_overflow,1097
8487,fifo_overflow,1098
8488,fifo_overflow,1099
8489,fifo_overflow,1100
8490,fifo_overflow,1101
8491,fifo_overflow,1102
8492,fifo_overflow,1103
8493,fifo_overflow,1104
8494,fifo_overflow,1105
8495,fifo_overflow,1106
8496,fifo_overflow,1107
8497,fifo_overflow,1108
8498,fifo_overflow,1109
8499,fifo_overflow,1110
8500,fifo_overflow,1111
8501,fifo_overflow,1112
8502,fifo_overflow,1113
8503,fifo_overflow,1114
8504,fifo_overflow,1115
8505,fifo_overflow,1116
8506,fifo_overflow,1117
8507,fifo_overflow,1118
8508,fifo_overflow,1119
8509,fifo_overflow,1120
8510,fifo_overflow,1121
8511,fifo_overflow,1122
8512,fifo_overflow,1123
8513,fifo_overflow,1124
8514,fifo_overflow,1125
8515,fifo_overflow,1126
8516,fifo_overflow,1127
8517,fifo_overflow,1128
8518,fifo_overflow,1129
8519,fifo_overflow,1130
8520,fifo_overflow,1131
8521,fifo_overflow,1132
8522,fifo_overflow,1133
8523,fifo_overflow,1134
8524,fifo_overflow,1135
8525,fifo_overflow,1136
8526,fifo_overflow,1137
8527,fifo_overflow,1138
8528,fifo_overflow,1139
8529,fifo_overflow,1140
8530,fifo_overflow,1141
8531,fifo_overflow,1142
8532,fifo_overflow,1143
8533,fifo_overflow,1144
8534,fifo_overflow,1145
8535,fifo_overflow,1146
8536,fifo_overflow,1147
8537,fifo_overflow,1148
8538,fifo_overflow,1149
8539,fifo_overflow,1150
8540,fifo_overflow,1151
8541,fifo_overflow,1152
8542,fifo_overflow,1153
8543,fifo_overflow,1154
8544,fifo_overflow,1155
8545,fifo_overflow,1156
8546,fifo_overflow,1157
8547,fifo_overflow,1158
8548,fifo_overflow,1159
8549,fifo_overflow,1160
8550,fifo_overflow,1161
8551,fifo_overflow,1162
8552,fifo_overflow,1163
8553,fifo_overflow,1164
8554,fifo_overflow,1165
8555,fifo_overflow,1166
8556,fifo_overflow,1167
8557,fifo_overflow,1168
8558,fifo_overflow,1169
8559,fifo_overflow,1170
8560,fifo_overflow,1171
8561,fifo_overflow,1172
8562,fifo_overflow,1173
8563,fifo_overflow,1174
8564,fifo_overflow,1175
8565,fifo_overflow,1176
8566,fifo_overflow,1177
8567,fifo_overflow,1178
8568,fifo_overflow,1179
8569,fifo_overflow,1180
8570,fifo_overflow,1181
8571,fifo_overflow,1182
8572,fifo_overflow,1183
8573,fifo_overflow,1184
8574,fifo_overflow,1185
8575,fifo_overflow,1186
8576,fifo_overflow,1187
8577,fifo_overflow,1188
8578,fifo_overflow,1189
8579,fifo_overflow,1190
8580,fifo_overflow,1191
8581,fifo_overflow,1192
8582,fifo_overflow,1193
8583,fifo_overflow,1194
8584,fifo_overflow,1195
8585,fifo_overflow,1196
8586,fifo_overflow,1197
8587,fifo_overflow,1198
8588,fifo_overflow,1199
8589,fifo_overflow,1200
8590,fifo_overflow,1201
8591,fifo_overflow,1202
8592,fifo_overflow,1203
8593,fifo_overflow,1204
8594,fifo_overflow,1205
8595,fifo_overflow,1206
8596,fifo_overflow,1207
8597,fifo_overflow,1208
8598,fifo_overflow,1209
8599,fifo_overflow,1210
8600,fifo_overflow,1211
8601,fifo_overflow,1212
8602,fifo_overflow,1213
8603,fifo_overflow,1214
8604,fifo_overflow,1215
8605,fifo_overflow,1216
8606,fifo_overflow,1217
8607,fifo_overflow,1218
8608,fifo_overflow,1219
8609,fifo_overflow,1220
8610,fifo_overflow,1221
8611,fifo_overflow,1222
8612,fifo_overflow,1223
8613,fifo_overflow,1224
8614,fifo_overflow,1225
8615,fifo_overflow,1226
8616,fifo_overflow,1227
8617,fifo_overflow,1228
8618,fifo_overflow,1229
8619,fifo_overflow,1230
8620,fifo_overflow,1231
8621,fifo_overflow,1232
8622,fifo_overflow,1233
8623,fifo_overflow,1234
8624,fifo_overflow,1235
8625,fifo_overflow,1236
8626,fifo_overflow,1237
8627,fifo_overflow,1238
8628,fifo_overflow,1239
8629,fifo_overflow,1240
8630,fifo_overflow,1241
8631,fifo_overflow,1242
8632,fifo_overflow,1243
8633,fifo_overflow,1244
8634,fifo_overflow,1245
8635,fifo_overflow,1246
8636,fifo_overflow,1247
8637,fifo_overflow,1248
8638,fifo_overflow,1249
8639,fifo_overflow,1250
8640,fifo_overflow,1251
8641,fifo_overflow,1252
8642,fifo_overflow,1253
8643,fifo_overflow,1254
8644,fifo_overflow,1255
8645,fifo_overflow,1256
8646,fifo_overflow,1257
8647,fifo_overflow,1258
8648,fifo_overflow,1259
8649,fifo_overflow,1260
8650,fifo_overflow,1261
8651,fifo_overflow,1262
8652,fifo_overflow,1263
8653,fifo_overflow,1264
8654,fifo_overflow,1265
8655,fifo_overflow,1266
8656,fifo_overflow,1267
8657,fifo_overflow,1268
8658,fifo_overflow,1269
8659,fifo_overflow,1270
8660,fifo_overflow,1271
8661,fifo_overflow,1272
8662,fifo_overflow,1273
8663,fifo_overflow,1274
8664,fifo_overflow,1275
8665,fifo_overflow,1276
8666,fifo_overflow,1277
8667,fifo_overflow,1278
8668,fifo_overflow,1279
8669,fifo_overflow,1280
8670,fifo_overflow,1281
8671,fifo_overflow,1282
8672,fifo_overflow,1283
8673,fifo_overflow,1284
8674,fifo_overflow,1285
8675,fifo_overflow,1286
8676,fifo_overflow,1287
8677,fifo_overflow,1288
8678,fifo_overflow,1289
8679,fifo_overflow,1290
8680,fifo_overflow,1291
8681,fifo_overflow,1292
8682,fifo_overflow,1293
8683,fifo_overflow,1294
8684,fifo_overflow,1295
8685,fifo_overflow,1296
8686,fifo_overflow,1297
8687,fifo_overflow,1298
8688,fifo_overflow,1299
8689,fifo_overflow,1300
8690,fifo_overflow,1301
8691,fifo_overflow,1302
8692,fifo_overflow,1303
8693,fifo_overflow,1304
8694,fifo_overflow,1305
8695,fifo_overflow,1306
8696,fifo_overflow,1307
8697,fifo_overflow,1308
8698,fifo_overflow,1309
8699,fifo_overflow,1310
8700,fifo_overflow,1311
8701,fifo_overflow,1312
8702,fifo_overflow,1313
8703,fifo_overflow,1314
8704,fifo_overflow,1315
8705,fifo_overflow,1316
8706,fifo_overflow,1317
8707,fifo_overflow,1318
8708,fifo_overflow,1319
8709,fifo_overflow,1320
8710,fifo_overflow,1321
8711,fifo_overflow,1322
8712,fifo_overflow,1323
8713,fifo_overflow,1324
8714,fifo_overflow,1325
8715,fifo_overflow,1326
8716,fifo_overflow,1327
8717,fifo_overflow,1328
8718,fifo_overflow,1329
8719,fifo_overflow,1330
8720,fifo_overflow,1331
8721,fifo_overflow,1332
8722,fifo_overflow,1333
8723,fifo_overflow,1334
8724,fifo_overflow,1335
8725,fifo_overflow,1336
8726,fifo_overflow,1337
8727,fifo_overflow,1338
8728,fifo_overflow,1339
8729,fifo_overflow,1340
8730,fifo_overflow,1341
8731,fifo_overflow,1342
8732,fifo_overflow,1343
8733,fifo_overflow,1344
8734,fifo_overflow,1345
8735,fifo_overflow,1346
8736,fifo_overflow,1347
8737,fifo_overflow,1348
8738,fifo_overflow,1349
8739,fifo_overflow,1350
8740,fifo_overflow,1351
8741,fifo_overflow,1352
8742,fifo_overflow,1353
8743,fifo_overflow,1354
8744,fifo_overflow,1355
8745,fifo_overflow,1356
8746,fifo_overflow,1357
8747,fifo_overflow,1358
8748,fifo_overflow,1359
8749,fifo_overflow,1360
8750,fifo_overflow,1361
8751,fifo_overflow,1362
8752,fifo_overflow,1363
8753,fifo_overflow,1364
8754,fifo_overflow,1365
8755,fifo_overflow,1366
8756,fifo_overflow,1367
8757,fifo_overflow,1368
8758,fifo_overflow,1369
8759,fifo_overflow,1370
8760,fifo_overflow,1371
8761,fifo_overflow,1372
8762,fifo_overflow,1373
8763,fifo_overflow,1374
8764,fifo_overflow,1375
8765,fifo_overflow,1376
8766,fifo_overflow,1377
8767,fifo_overflow,1378
8768,fifo_overflow,1379
8769,fifo_overflow,1380
8770,fifo_overflow,1381
8771,fifo_overflow,1382
8772,fifo_overflow,1383
8773,fifo_overflow,1384
8774,fifo_overflow,1385
8775,fifo_overflow,1386
8776,fifo_overflow,1387
8777,fifo_overflow,1388
8778,fifo_overflow,1389
8779,fifo_overflow,1390
8780,fifo_overflow,1391
8781,fifo_overflow,1392
8782,fifo_overflow,1393
8783,fifo_overflow,1394
8784,fifo_overflow,1395
8785,fifo_overflow,1396
8786,fifo_overflow,1397
8787,fifo_overflow,1398
8788,fifo_overflow,1399
8789,fifo_overflow,1400
8790,fifo_overflow,1401
8791,fifo_overflow,1402
8792,fifo_overflow,1403
8793,fifo_overflow,1404
8794,fifo_overflow,1405
8795,fifo_overflow,1406
8796,fifo_overflow,1407
8797,fifo_overflow,1408
8798,fifo_overflow,1409
8799,fifo_overflow,1410
8800,fifo_overflow,1411
8801,fifo_overflow,1412
8802,fifo_overflow,1413
8803,fifo_overflow,1414
8804,fifo_overflow,1415
8805,fifo_overflow,1416
8806,fifo_overflow,1417
8807,fifo_overflow,1418
8808,fifo_overflow,1419
8809,fifo_overflow,1420
8810,fifo_overflow,1421
8811,fifo_overflow,1422
8812,fifo_overflow,1423
8813,fifo_overflow,1424
8814,fifo_overflow,1425
8815,fifo_overflow,1426
8816,fifo_overflow,1427
8817,fifo_overflow,1428
8818,fifo_overflow,1429
8819,fifo_overflow,1430
8820,fifo_overflow,1431
8821,fifo_overflow,1432
8822,fifo_overflow,1433
8823,fifo_overflow,1434
8824,fifo_overflow,1435
8825,fifo_overflow,1436
8826,fifo_overflow,1437
8827,fifo_overflow,1438
8828,fifo_overflow,1439
8829,fifo_overflow,1440
8830,fifo_overflow,1441
8831,fifo_overflow,1442
8832,fifo_overflow,1443
8833,fifo_overflow,1444
8834,fifo_overflow,1445
8835,fifo_overflow,1446
8836,fifo_overflow,1447
8837,fifo_overflow,1448
8838,fifo_overflow,1449
8839,fifo_overflow,1450
8840,fifo_overflow,1451
8841,fifo_overflow,1452
8842,fifo_overflow,1453
8843,fifo_overflow,1454
8844,fifo_overflow,1455
8845,fifo_overflow,1456
8846,fifo_overflow,1457
8847,fifo_overflow,1458
8848,fifo_overflow,1459
8849,fifo_overflow,1460
8850,fifo_overflow,1461
8851,fifo_overflow,1462
8852,fifo_overflow,1463
8853,fifo_overflow,1464
8854,fifo_overflow,1465
8855,fifo_overflow,1466
8856,fifo_overflow,1467
8857,fifo_overflow,1468
8858,fifo_overflow,1469
8859,fifo_overflow,1470
8860,fifo_overflow,1471
8861,fifo_overflow,1472
8862,fifo_overflow,1473
8863,fifo_overflow,1474
8864,fifo_overflow,1475
8865,fifo_overflow,1476
8866,fifo_overflow,1477
8867,fifo_overflow,1478
8868,fifo_overflow,1479
8869,fifo_overflow,1480
8870,fifo_overflow,1481
8871,fifo_overflow,1482
8872,fifo_overflow,1483
8873,fifo_overflow,1484
8874,fifo_overflow,1485
8875,fifo_overflow,1486
8876,fifo_overflow,1487
8877,fifo_overflow,1488
8878,fifo_overflow,1489
8879,fifo_overflow,1490
8880,fifo_overflow,1491
8881,fifo_overflow,1492
8882,fifo_overflow,1493
8883,fifo_overflow,1494
8884,fifo_overflow,1495
8885,fifo_overflow,1496
8886,fifo_overflow,1497
8887,fifo_overflow,1498
8888,fifo_overflow,1499
8889,fifo_overflow,1500
8890,fifo_overflow,1501
8891,fifo_overflow,1502
8892,fifo_overflow,1503
8893,fifo_overflow,1504
8894,fifo_overflow,1505
8895,fifo_overflow,1506
8896,fifo_overflow,1507
8897,fifo_overflow,1508
8898,fifo_overflow,1509
8899,fifo_overflow,1510
8900,fifo_overflow,1511
8901,fifo_overflow,1512
8902,fifo_overflow,1513
8903,fifo_overflow,1514
8904,fifo_overflow,1515
8905,fifo_overflow,1516
8906,fifo_overflow,1517
8907,fifo_overflow,1518
8908,fifo_overflow,1519
8909,fifo_overflow,1520
8910,fifo_overflow,1521
8911,fifo_overflow,1522
8912,fifo_overflow,1523
8913,fifo_overflow,1524
8914,fifo_overflow,1525
8915,fifo_overflow,1526
8916,fifo_overflow,1527
8917,fifo_overflow,1528
8918,fifo_overflow,1529
8919,fifo_overflow,1530
8920,fifo_overflow,1531
8921,fifo_overflow,1532
8922,fifo_overflow,1533
8923,fifo_overflow,1534
8924,fifo_overflow,1535
8925,fifo_overflow,1536
8926,fifo_overflow,1537
8927,fifo_overflow,1538
8928,fifo_overflow,1539
8929,fifo_overflow,1540
8930,fifo_overflow,1541
8931,fifo_overflow,1542
8932,fifo_overflow,1543
8933,fifo_overflow,1544
8934,fifo_overflow,1545
8935,fifo_overflow,1546
8936,fifo_overflow,1547
8937,fifo_overflow,1548
8938,fifo_overflow,1549
8939,fifo_overflow,1550
8940,fifo_overflow,1551
8941,fifo_overflow,1553
8943,fifo_overflow,1554
8944,fifo_overflow,1555
8945,fifo_overflow,1556
8946,fifo_overflow,1557
8947,fifo_overflow,1558
8948,fifo_overflow,1559
8949,fifo_overflow,1560
8950,fifo_overflow,1561
