n,red,ir
0,643,435
1,617,438
2,624,446
3,640,454
4,658,449
5,643,451
6,640,447
7,649,434
8,629,451
9,631,450
10,619,457
11,631,431
12,623,437
13,626,459
14,628,447
15,629,430
16,632,452
17,635,463
18,641,461
19,626,457
20,632,455
21,639,454
22,632,447
23,629,435
24,625,454
25,634,471
26,623,435
27,631,434
28,628,431
29,652,457
30,634,441
31,638,450
32,655,453
33,653,457
34,649,460
35,674,453
36,642,428
37,641,438
38,636,440
39,644,444
40,648,462
41,658,442
42,646,451
43,649,465
44,644,449
45,644,457
46,633,440
47,634,431
48,649,452
49,645,440
50,642,436
51,640,450
52,643,453
53,636,443
54,638,453
55,651,450
56,643,432
57,642,447
58,639,430
59,645,451
60,627,444
61,649,451
62,646,423
63,630,438
64,629,451
65,632,467
66,640,431
67,642,433
68,637,465
69,632,451
70,655,445
71,659,464
72,642,433
73,639,441
74,642,452
75,619,426
76,646,435
77,651,465
78,632,427
79,660,433
80,631,431
81,648,444
82,634,442
83,637,440
84,663,437
85,635,454
86,636,460
87,660,447
88,634,442
89,640,435
90,649,458
91,626,437
92,646,450
93,622,431
94,638,454
95,635,455
96,639,459
97,615,423
98,642,451
99,635,461
100,639,449
101,644,456
102,661,463
103,631,448
104,647,464
105,644,472
106,653,458
107,627,443
108,642,463
109,634,438
110,630,468
111,620,457
112,645,462
113,634,471
114,640,457
115,633,457
116,632,457
117,650,461
118,634,449
119,626,455
120,644,445
121,626,451
122,631,460
123,654,452
124,614,428
125,613,461
126,646,453
127,643,484
128,633,463
129,640,450
130,638,458
131,636,464
132,626,459
133,634,458
134,624,447
135,635,447
136,626,445
137,638,460
138,644,443
139,639,463
140,656,456
141,607,431
142,640,442
143,642,456
144,613,426
145,646,436
146,648,464
147,609,446
148,656,462
149,611,435
150,639,428
151,656,467
152,660,469
153,634,435
154,636,429
155,643,453
156,639,446
157,646,446
158,644,456
159,644,469
160,641,455
161,649,447
162,640,448
163,660,452
164,641,436
165,643,449
166,650,455
167,649,451
168,648,445
169,653,461
170,639,441
171,644,437
172,629,434
173,640,433
174,649,438
175,634,438
176,656,433
177,648,464
178,635,440
179,653,451
180,624,456
181,669,447
182,629,463
183,628,444
184,640,458
185,641,438
186,634,458
187,635,461
188,656,449
189,640,459
190,629,436
191,642,441
192,643,424
193,648,439
194,645,449
195,624,452
196,638,446
197,648,438
198,626,427
199,627,467
200,648,435
201,642,426
202,644,441
203,627,449
204,651,445
205,641,437
206,624,429
207,635,431
208,639,426
209,658,451
210,647,459
211,661,441
212,642,437
213,632,437
214,619,429
215,645,423
216,651,430
217,646,427
218,643,435
219,674,451
220,638,444
221,643,444
222,637,449
223,642,475
224,625,451
225,648,463
226,620,452
227,630,447
228,648,462
229,662,463
230,635,462
231,633,448
232,623,453
233,624,461
234,625,441
235,619,458
236,627,456
237,636,468
238,655,449
239,623,447
240,627,451
241,614,440
242,649,450
243,649,456
244,635,447
245,653,437
246,620,434
247,633,463
248,634,457
249,653,442
250,640,430
251,639,456
252,682,470
253,659,481
254,627,449
255,627,447
256,650,451
257,630,436
258,635,454
259,622,439
260,615,458
261,623,461
262,646,443
263,640,449
264,633,431
265,617,469
266,634,461
267,634,432
268,643,450
269,630,436
270,620,442
271,624,447
272,631,451
273,643,469
274,626,435
275,644,438
276,652,453
277,659,453
278,642,436
279,663,457
280,645,455
281,636,420
282,658,438
283,650,443
284,653,444
285,653,446
286,638,446
287,635,461
288,637,445
289,649,451
290,640,455
291,642,435
292,643,428
293,638,441
294,635,448
295,640,447
296,642,457
297,635,447
298,651,437
299,639,449
300,632,437
301,642,440
302,634,450
303,646,431
304,647,458
305,648,443
306,643,434
307,647,453
308,655,456
309,641,454
310,662,451
311,635,464
312,644,434
313,625,444
314,633,454
315,652,449
316,635,424
317,649,431
318,636,463
319,648,445
320,654,442
321,625,463
322,655,446
323,623,432
324,658,448
325,641,439
326,646,427
327,641,428
328,648,433
329,628,445
330,640,439
331,650,434
332,654,428
333,638,447
334,638,423
335,633,419
336,622,438
337,639,449
338,642,426
339,659,454
340,647,437
341,630,442
342,649,434
343,645,458
344,634,459
345,637,455
346,643,436
347,647,454
348,638,460
349,632,443
350,646,439
351,618,451
352,633,429
353,623,463
354,624,449
355,633,456
356,624,453
357,637,454
358,620,439
359,636,446
360,635,449
361,644,450
362,624,449
363,648,444
364,630,458
365,631,447
366,637,463
367,624,453
368,629,439
369,639,470
370,628,427
371,623,457
372,641,458
373,635,456
374,634,458
375,637,447
376,623,455
377,652,456
378,643,452
379,636,453
380,654,464
381,619,448
382,624,448
383,619,462
384,646,457
385,636,460
386,614,438
387,625,439
388,637,453
389,630,449
390,625,453
391,637,451
392,639,436
393,633,429
394,635,453
395,629,447
396,648,458
397,625,432
398,634,420
399,645,447
400,688,464
401,658,449
402,658,459
403,632,457
404,644,448
405,632,454
406,641,449
407,651,443
408,652,447
409,637,433
410,657,442
411,639,458
412,634,446
413,642,449
414,646,457
415,638,465
416,657,464
417,644,430
418,651,433
419,641,439
420,645,435
421,636,456
422,649,438
423,633,455
424,653,442
425,641,431
426,639,452
427,645,444
428,641,472
429,653,439
430,628,461
431,642,442
432,652,428
433,634,442
434,641,457
435,647,440
436,626,441
437,639,433
438,646,451
439,651,451
440,653,464
441,652,456
442,633,464
443,640,453
444,636,454
445,669,449
446,645,444
447,647,446
448,655,443
449,651,461
450,635,455
451,637,447
452,657,438
453,645,430
454,625,430
455,645,428
456,640,417
457,639,445
458,645,461
459,639,416
460,628,435
461,656,468
462,631,436
463,659,463
464,621,429
465,637,449
466,648,460
467,636,462
468,647,447
469,636,463
470,621,450
471,628,452
472,629,440
473,630,460
474,621,432
475,635,453
476,651,454
477,642,451
478,624,456
479,649,455
480,627,456
481,657,462
482,627,463
483,632,458
484,619,467
485,629,422
486,639,457
487,633,461
488,645,475
489,630,459
490,621,458
491,642,446
492,622,459
493,639,452
494,631,444
495,645,439
496,637,448
497,650,441
498,625,452
499,635,466
500,637,436
501,629,446
502,630,423
503,632,456
504,626,454
505,635,463
506,655,459
507,629,457
508,639,459
509,657,458
510,613,452
511,643,465
512,634,463
513,624,458
514,660,444
515,626,430
516,636,434
517,633,445
518,634,453
519,634,446
520,629,463
521,639,454
522,637,461
523,626,453
524,640,446
525,632,464
526,637,438
527,642,447
528,646,436
529,652,433
530,639,440
531,652,446
532,640,453
533,657,442
534,659,454
535,643,434
536,647,455
537,635,441
538,653,457
539,645,445
540,633,454
541,649,444
542,645,439
543,634,438
544,631,439
545,647,437
546,634,443
547,641,441
548,622,451
549,647,439
550,645,452
551,643,463
552,650,443
553,650,439
554,635,450
555,641,437
556,651,444
557,642,452
558,636,469
559,627,432
560,633,457
561,638,460
562,630,429
563,648,445
564,647,443
565,643,433
566,642,450
567,625,460
568,654,432
569,641,452
570,637,449
571,643,441
572,636,420
573,628,459
574,622,437
575,614,427
576,654,429
577,662,458
578,646,456
579,642,450
580,636,440
581,638,440
582,625,425
583,637,451
584,641,442
585,642,434
586,642,441
587,639,433
588,657,451
589,640,435
590,643,447
591,643,456
592,623,430
593,647,430
594,658,470
595,645,463
596,634,461
597,625,458
598,646,448
599,627,465
600,637,482
601,645,467
602,646,452
603,632,449
604,636,449
605,640,447
606,639,463
607,640,462
608,638,452
609,660,459
610,619,465
611,633,449
612,633,448
613,630,458
614,632,432
615,632,462
616,636,452
617,635,458
618,654,453
619,625,433
620,626,453
621,648,454
622,620,453
623,636,440
624,639,451
625,616,436
626,637,458
627,635,450
628,605,457
629,610,435
630,646,457
631,646,466
632,632,458
633,649,433
634,619,447
635,633,451
636,621,452
637,627,472
638,628,464
639,643,450
640,614,440
641,661,458
642,636,450
643,608,436
644,659,441
645,637,462
646,634,460
647,649,457
648,630,462
649,625,439
650,651,450
651,634,443
652,637,440
653,651,459
654,636,450
655,678,452
656,644,466
657,641,462
658,650,469
659,655,443
660,635,452
661,627,443
662,660,470
663,643,469
664,636,456
665,655,452
666,642,435
667,645,431
668,638,441
669,636,455
670,630,442
671,637,457
672,631,460
673,668,446
674,649,446
675,631,463
676,627,452
677,638,450
678,643,454
679,626,460
680,649,441
681,653,434
682,648,462
683,642,470
684,636,451
685,626,441
686,656,455
687,650,448
688,645,452
689,645,449
690,639,438
691,648,435
692,638,450
693,643,450
694,642,457
695,633,445
696,645,429
697,638,463
698,628,456
699,641,460
700,651,461
701,635,437
702,634,437
703,656,445
704,644,449
705,647,463
706,619,425
707,651,434
708,632,459
709,618,415
710,643,428
711,640,430
712,634,432
713,644,444
714,646,443
715,644,441
716,641,442
717,656,452
718,626,430
719,636,446
720,659,435
721,629,448
722,629,437
723,636,445
724,613,438
725,635,431
726,631,451
727,630,468
728,634,456
729,629,478
730,645,482
731,638,460
732,630,456
733,639,457
734,644,473
735,611,461
736,649,459
737,632,450
738,639,452
739,633,455
740,627,461
741,617,459
742,616,458
743,626,431
744,651,461
745,634,457
746,627,446
747,649,440
748,635,453
749,644,459
750,631,451
751,634,457
752,617,443
753,631,459
754,624,445
755,639,454
756,646,461
757,627,435
758,632,443
759,622,429
760,637,443
761,635,469
762,630,446
763,631,446
764,621,451
765,631,451
766,649,449
767,634,452
768,650,477
769,626,452
770,627,471
771,640,455
772,634,434
773,623,435
774,628,438
775,635,451
776,638,445
777,636,456
778,646,453
779,645,435
780,639,434
781,639,438
782,641,445
783,645,449
784,650,455
785,648,447
786,649,435
787,640,436
788,643,463
789,653,435
790,647,451
791,646,453
792,651,425
793,649,462
794,646,443
795,649,455
796,657,438
797,645,458
798,633,442
799,638,431
800,637,431
801,630,452
802,651,460
803,636,456
804,642,444
805,640,447
806,634,449
807,635,449
808,644,442
809,631,443
810,621,454
811,647,451
812,644,462
813,647,466
814,642,458
815,650,444
816,633,463
817,651,442
818,637,435
819,633,436
820,648,446
821,651,461
822,633,438
823,645,456
824,639,461
825,641,457
826,644,445
827,649,423
828,623,440
829,657,448
830,656,446
831,621,429
832,650,441
833,635,432
834,629,438
835,656,448
836,642,441
837,636,457
838,652,446
839,644,445
840,644,439
841,632,452
842,624,424
843,626,437
844,617,455
845,637,453
846,628,429
847,629,438
848,632,471
849,633,443
850,632,443
851,625,463
852,620,464
853,622,451
854,634,454
855,620,461
856,636,442
857,616,458
858,641,453
859,662,454
860,630,450
861,628,445
862,627,470
863,619,448
864,646,462
865,643,454
866,647,449
867,634,437
868,639,438
869,641,465
870,632,432
871,663,467
872,639,455
873,636,452
874,626,454
875,643,463
876,643,466
877,635,447
878,634,457
879,629,436
880,624,458
881,628,447
882,619,444
883,633,443
884,643,457
885,626,450
886,610,445
887,647,470
888,640,442
889,631,443
890,644,449
891,618,436
892,636,460
893,650,440
894,628,441
895,628,438
896,631,436
897,635,448
898,644,444
899,637,450
900,648,453
901,670,454
902,666,454
903,644,440
904,652,449
905,650,452
906,641,455
907,639,436
908,647,437
909,646,465
910,641,460
911,643,438
912,648,456
913,634,445
914,636,453
915,646,444
916,656,429
917,647,439
918,644,445
919,657,446
920,648,447
921,653,436
922,643,458
923,640,448
924,641,453
925,636,453
926,641,455
927,624,460
928,641,449
929,656,450
930,634,448
931,641,457
932,654,444
933,636,447
934,627,446
935,635,457
936,643,457
937,643,461
938,652,449
939,633,454
940,651,459
941,643,457
942,638,466
943,634,447
944,644,437
945,631,434
946,626,439
947,640,468
948,633,459
949,626,431
950,663,448
951,661,441
952,630,461
953,646,443
954,649,450
955,652,442
956,660,450
957,630,433
958,645,437
959,644,452
960,652,435
961,636,455
962,632,443
963,642,459
964,633,433
965,632,427
966,635,448
967,652,457
968,621,420
969,631,449
970,643,461
971,635,461
972,633,455
973,648,457
974,653,451
975,639,463
976,640,457
977,643,457
978,631,449
979,649,455
980,647,468
981,636,456
982,655,470
983,649,466
984,642,482
985,616,457
986,639,484
987,661,445
988,635,461
989,627,450
990,633,439
991,636,458
992,646,472
993,632,453
994,641,457
995,637,444
996,641,1003
997,642,466
998,698,357
999,635,440
1000,488,456
1001,623,935
1002,647,471
1003,592,445
1004,635,452
1005,660,464
1006,626,445
1007,622,431
1008,637,453
1009,617,441
1010,636,440
1011,633,442
1012,608,421
1013,651,450
1014,647,436
1015,647,442
1016,610,448
1017,652,438
1018,634,442
1019,637,452
1020,644,470
1021,635,451
1022,634,445
1023,651,439
1024,657,442
1025,622,455
1026,645,422
1027,649,345
1028,450,445
1029,641,449
1030,632,1067
1031,646,903
1032,642,455
1033,508,458
1034,663,454
1035,632,461
1036,662,454
1037,650,436
1038,644,457
1039,634,462
1040,646,450
1041,654,473
1042,644,459
1043,649,436
1044,643,440
1045,646,455
1046,633,452
1047,650,437
1048,634,449
1049,644,434
1050,647,436
1051,649,445
1052,630,439
1053,648,451
1054,629,447
1055,646,442
1056,670,441
1057,640,572
1058,641,431
1059,474,469
1060,604,430
1061,648,459
1062,630,1245
1063,898,441
1064,486,449
1065,626,454
1066,646,467
1067,636,456
1068,636,447
1069,650,449
1070,627,428
1071,650,444
1072,651,454
1073,653,459
1074,651,457
1075,638,437
1076,647,464
1077,632,434
1078,626,425
1079,645,442
1080,645,432
1081,624,429
1082,640,439
1083,656,442
1084,637,441
1085,638,433
1086,653,437
1087,625,330
1088,627,427
1089,477,433
1090,1031,452
1091,642,465
1092,645,611
1093,638,454
1094,487,429
1095,640,451
1096,630,465
1097,654,450
1098,638,462
1099,653,462
1100,631,446
1101,632,469
1102,641,449
1103,636,466
1104,647,461
1105,633,456
1106,634,467
1107,659,452
1108,645,460
1109,634,455
1110,633,433
1111,623,467
1112,628,474
1113,656,473
1114,646,443
1115,661,448
1116,639,452
1117,608,335
1118,628,437
1119,639,792
1120,646,457
1121,1390,466
1122,612,340
1123,618,448
1124,638,452
1125,626,445
1126,617,428
1127,669,464
1128,641,444
1129,641,464
1130,643,459
1131,627,459
1132,629,461
1133,620,424
1134,630,443
1135,615,425
1136,640,448
1137,618,433
1138,666,473
1139,624,436
1140,637,436
1141,620,446
1142,623,445
1143,644,457
1144,632,466
1145,639,451
1146,635,427
1147,623,436
1148,649,443
1149,636,452
1150,656,445
1151,645,460
1152,653,450
1153,643,445
1154,648,455
1155,641,448
1156,647,445
1157,637,437
1158,607,436
1159,650,435
1160,625,457
1161,645,1194
1162,656,446
1163,1175,456
1164,648,457
1165,630,382
1166,641,446
1167,644,446
1168,645,448
1169,643,443
1170,639,467
1171,634,436
1172,635,443
1173,640,451
1174,630,452
1175,645,447
1176,632,440
1177,637,447
1178,645,434
1179,635,452
1180,644,456
1181,633,451
1182,638,458
1183,631,463
1184,635,457
1185,653,450
1186,630,455
1187,642,473
1188,651,467
1189,622,453
1190,648,452
1191,641,458
1192,646,461
1193,638,450
1194,648,458
1195,616,425
1196,637,465
1197,674,446
1198,645,439
1199,643,448
1200,469,432
1201,650,433
1202,615,436
1203,634,436
1204,631,443
1205,496,467
1206,622,426
1207,604,455
1208,640,435
1209,639,443
1210,631,447
1211,650,466
1212,639,431
1213,641,422
1214,653,462
1215,629,438
1216,651,449
1217,629,467
1218,629,466
1219,638,452
1220,627,449
1221,647,463
1222,624,448
1223,660,458
1224,629,473
1225,633,449
1226,633,461
1227,619,449
1228,654,464
1229,635,450
1230,665,435
1231,630,428
1232,631,461
1233,637,451
1234,627,456
1235,636,457
1236,657,470
1237,635,477
1238,636,451
1239,648,477
1240,628,459
1241,640,484
1242,634,1068
1243,646,438
1244,1466,478
1245,627,442
1246,620,355
1247,660,461
1248,607,454
1249,612,435
1250,640,446
1251,620,446
1252,643,458
1253,630,426
1254,646,457
1255,631,459
1256,623,443
1257,643,472
1258,630,454
1259,632,442
1260,638,440
1261,635,453
1262,635,455
1263,627,462
1264,622,482
1265,637,480
1266,634,445
1267,649,434
1268,621,468
1269,630,449
1270,658,450
1271,634,447
1272,631,433
1273,665,475
1274,631,452
1275,655,436
1276,645,448
1277,647,449
1278,649,427
1279,645,433
1280,634,459
1281,656,454
1282,652,457
1283,643,463
1284,647,464
1285,625,465
1286,653,935
1287,487,453
1288,1473,335
1289,644,429
1290,633,458
1291,691,487
1292,641,433
1293,1339,327
1294,647,434
1295,626,507
1296,811,442
1297,639,450
1298,642,448
1299,642,432
1300,634,451
1301,641,452
1302,644,453
1303,613,337
1304,650,455
1305,480,873
1306,704,439
1307,673,476
1308,650,461
1309,628,447
1310,645,446
1311,659,455
1312,653,465
1313,640,464
1314,647,453
1315,632,448
1316,659,452
1317,655,441
1318,653,444
1319,648,417
1320,634,433
1321,649,436
1322,641,447
1323,620,429
1324,653,446
1325,623,430
1326,629,447
1327,657,454
1328,635,429
1329,614,450
1330,645,454
1331,657,432
1332,644,445
1333,643,420
1334,628,450
1335,646,429
1336,626,439
1337,634,443
1338,645,442
1339,642,434
1340,612,433
1341,657,443
1342,635,444
1343,652,461
1344,642,443
1345,637,460
1346,661,453
1347,641,461
1348,625,451
1349,645,452
1350,638,455
1351,634,441
1352,635,442
1353,650,445
1354,638,447
1355,642,450
1356,636,451
1357,629,464
1358,624,451
1359,644,466
1360,635,442
1361,645,464
1362,645,455
1363,638,458
1364,632,438
1365,643,442
1366,642,449
1367,639,452
1368,633,448
1369,638,450
1370,641,461
1371,640,449
1372,634,459
1373,626,454
1374,642,451
1375,623,446
1376,629,462
1377,633,445
1378,627,446
1379,648,451
1380,648,451
1381,639,451
1382,615,456
1383,621,443
1384,633,454
1385,631,455
1386,627,460
1387,621,437
1388,651,449
1389,641,439
1390,642,449
1391,620,442
1392,643,453
1393,620,429
1394,634,439
1395,628,494
1396,628,450
1397,626,442
1398,632,472
1399,633,444
1400,613,423
1401,628,444
1402,639,445
1403,656,452
1404,634,438
1405,647,454
1406,647,443
1407,651,454
1408,650,462
1409,648,468
1410,651,452
1411,648,448
1412,653,443
1413,647,455
1414,629,441
1415,646,449
1416,652,427
1417,640,451
1418,655,440
1419,659,444
1420,642,431
1421,653,421
1422,638,453
1423,648,470
1424,636,431
1425,639,462
1426,634,436
1427,647,454
1428,633,433
1429,636,452
1430,644,455
1431,633,442
1432,640,458
1433,645,442
1434,653,439
1435,647,443
1436,626,445
1437,650,453
1438,627,465
1439,661,448
1440,667,452
1441,661,456
1442,638,420
1443,636,456
1444,637,457
1445,683,445
1446,632,435
1447,665,484
1448,639,448
1449,628,429
1450,654,435
1451,651,461
1452,641,438
1453,664,439
1454,647,449
1455,648,470
1456,635,455
1457,633,476
1458,648,429
1459,668,451
1460,643,449
1461,650,443
1462,636,445
1463,639,450
1464,635,428
1465,656,450
1466,648,427
1467,632,448
1468,610,432
1469,630,446
1470,647,455
1471,658,448
1472,652,447
1473,639,458
1474,642,468
1475,628,449
1476,647,446
1477,659,462
1478,650,456
1479,626,465
1480,623,433
1481,644,453
1482,617,466
1483,632,457
1484,617,460
1485,645,454
1486,633,454
1487,633,462
1488,627,454
1489,653,458
1490,636,453
1491,641,478
1492,639,463
1493,636,459
1494,632,441
1495,621,461
1496,639,455
1497,616,447
1498,630,454
1499,634,458
1500,639,459
1501,630,444
1502,643,453
1503,617,451
1504,636,449
1505,613,437
1506,629,443
1507,630,437
1508,647,466
1509,635,447
1510,644,448
1511,615,442
1512,618,469
1513,623,450
1514,612,445
1515,634,434
1516,665,442
1517,614,424
1518,641,451
1519,615,444
1520,650,438
1521,641,470
1522,617,448
1523,636,473
1524,645,469
1525,647,463
1526,637,447
1527,644,435
1528,636,442
1529,662,443
1530,645,443
1531,648,469
1532,643,440
1533,649,437
1534,643,459
1535,642,447
1536,635,475
1537,650,436
1538,640,443
1539,652,456
1540,641,437
1541,659,455
1542,653,445
1543,668,433
1544,647,429
1545,639,436
1546,645,456
1547,633,450
1548,643,462
1549,655,447
1550,633,442
1551,638,445
1552,627,440
1553,643,428
1554,645,434
1555,639,452
1556,649,461
1557,635,454
1558,642,453
1559,634,463
1560,636,446
1561,636,452
1562,647,458
1563,627,455
1564,640,433
1565,647,456
1566,652,438
1567,633,448
1568,658,448
1569,637,448
1570,648,446
1571,638,458
1572,634,429
1573,637,453
1574,645,449
1575,648,441
1576,658,426
1577,663,433
1578,628,427
1579,621,422
1580,639,444
1581,640,427
1582,647,436
1583,636,442
1584,635,455
1585,626,436
1586,667,459
1587,643,453
1588,622,434
1589,640,437
1590,629,447
1591,628,443
1592,655,481
1593,630,431
1594,652,435
1595,658,465
1596,635,441
1597,634,453
1598,656,431
1599,635,467
1600,627,451
1601,627,465
1602,630,440
1603,643,457
1604,647,455
1605,635,460
1606,628,459
1607,631,452
1608,636,455
1609,624,444
1610,657,480
1611,638,467
1612,641,435
1613,627,461
1614,646,462
1615,651,465
1616,636,455
1617,625,452
1618,638,452
1619,647,465
1620,643,452
1621,613,428
1622,625,448
1623,645,466
1624,638,454
1625,643,453
1626,633,459
1627,634,483
1628,634,449
1629,629,462
1630,638,448
1631,621,446
1632,628,461
1633,628,439
1634,619,445
1635,630,461
1636,630,461
1637,632,461
1638,636,448
1639,623,449
1640,638,443
1641,621,451
1642,643,454
1643,622,449
1644,640,455
1645,655,448
1646,636,458
1647,628,475
1648,649,440
1649,642,453
1650,638,449
1651,650,433
1652,633,442
1653,666,462
1654,635,463
1655,630,437
1656,656,452
1657,650,452
1658,645,449
1659,643,449
1660,651,458
1661,649,442
1662,649,445
1663,632,444
1664,645,458
1665,637,456
1666,633,445
1667,668,432
1668,636,452
1669,644,461
1670,643,464
1671,658,453
1672,639,444
1673,626,446
1674,637,456
1675,651,455
1676,631,446
1677,647,464
1678,643,449
1679,647,445
1680,644,444
1681,642,436
1682,633,455
1683,663,438
1684,640,437
1685,628,450
1686,632,441
1687,635,441
1688,671,441
1689,641,458
1690,652,452
1691,647,437
1692,657,471
1693,645,432
1694,641,454
1695,640,450
1696,651,429
1697,642,436
1698,634,453
1699,647,464
1700,647,460
1701,651,451
1702,643,464
1703,658,453
1704,628,459
1705,652,442
1706,661,444
1707,631,422
1708,643,447
1709,627,426
1710,627,434
1711,639,447
1712,638,426
1713,640,455
1714,640,455
1715,633,443
1716,632,450
1717,643,449
1718,632,445
1719,636,463
1720,654,470
1721,638,434
1722,622,460
1723,631,446
1724,631,454
1725,640,463
1726,637,466
1727,636,465
1728,658,463
1729,630,454
1730,646,468
1731,638,443
1732,634,457
1733,645,459
1734,640,470
1735,640,470
1736,627,462
1737,634,463
1738,642,450
1739,637,466
1740,622,456
1741,622,480
1742,645,453
1743,620,450
1744,628,463
1745,631,451
1746,645,427
1747,645,463
1748,649,455
1749,627,446
1750,630,447
1751,631,430
1752,633,435
1753,636,471
1754,632,451
1755,623,435
1756,647,457
1757,618,453
1758,616,439
1759,620,451
1760,634,462
1761,622,426
1762,633,468
1763,654,457
1764,621,461
1765,649,438
1766,646,471
1767,633,445
1768,649,435
1769,614,455
1770,619,448
1771,651,451
1772,658,462
1773,651,448
1774,652,445
1775,639,452
1776,636,440
1777,641,449
1778,660,463
1779,645,455
1780,651,452
1781,646,447
1782,651,445
1783,638,436
1784,642,459
1785,648,448
1786,637,440
1787,655,449
1788,644,441
1789,663,429
1790,641,459
1791,636,459
1792,643,441
1793,647,450
1794,649,446
1795,650,442
1796,645,438
1797,640,450
1798,654,454
1799,641,444
1800,636,438
1801,656,451
1802,633,444
1803,629,460
1804,639,448
1805,636,453
1806,664,428
1807,628,441
1808,639,455
1809,652,442
1810,629,448
1811,648,466
1812,645,456
1813,632,442
1814,639,436
1815,660,465
1816,650,445
1817,664,446
1818,646,451
1819,633,436
1820,640,445
1821,640,433
1822,647,441
1823,654,447
1824,641,454
1825,644,439
1826,637,446
1827,630,449
1828,648,449
1829,633,429
1830,640,445
1831,637,441
1832,652,428
1833,632,437
1834,653,459
1835,630,421
1836,648,444
1837,623,440
1838,646,444
1839,641,447
1840,652,444
1841,644,440
1842,661,441
1843,630,444
1844,613,427
1845,650,450
1846,629,432
1847,654,461
1848,632,451
1849,641,470
1850,633,452
1851,642,458
1852,625,447
1853,628,464
1854,644,447
1855,646,453
1856,639,449
1857,635,456
1858,640,463
1859,642,467
1860,656,466
1861,620,457
1862,629,450
1863,638,450
1864,626,462
1865,631,439
1866,648,458
1867,648,453
1868,641,433
1869,642,458
1870,642,461
1871,633,447
1872,648,451
1873,657,429
1874,632,449
1875,629,453
1876,623,451
1877,631,455
1878,638,445
1879,620,451
1880,635,440
1881,627,455
1882,640,447
1883,625,447
1884,622,435
1885,631,461
1886,638,472
1887,640,458
1888,633,453
1889,621,464
1890,628,448
1891,630,442
1892,629,435
1893,645,464
1894,630,454
1895,642,461
1896,639,457
1897,642,457
1898,629,456
1899,641,438
1900,632,439
1901,640,461
1902,659,450
1903,645,454
1904,646,445
1905,648,439
1906,645,444
1907,645,444
1908,641,471
1909,657,460
1910,653,472
1911,657,446
1912,632,442
1913,666,440
1914,645,439
1915,660,454
1916,661,453
1917,638,458
1918,646,444
1919,647,453
1920,632,463
1921,640,439
1922,648,452
1923,666,448
1924,672,456
1925,621,438
1926,640,448
1927,641,446
1928,642,440
1929,639,456
1930,646,433
1931,632,436
1932,644,447
1933,643,454
1934,644,444
1935,634,459
1936,647,473
1937,637,456
1938,624,438
1939,651,462
1940,644,446
1941,645,460
1942,652,451
1943,644,447
1944,632,463
1945,665,463
1946,617,437
1947,610,434
1948,633,444
1949,673,448
1950,623,429
1951,629,446
1952,655,458
1953,640,439
1954,639,405
1955,657,446
1956,638,448
1957,636,444
1958,646,458
1959,647,444
1960,622,435
1961,637,460
1962,621,425
1963,632,443
1964,666,450
1965,652,467
1966,638,429
1967,639,459
1968,657,445
1969,638,455
1970,656,459
1971,633,439
1972,632,461
1973,623,455
1974,638,451
1975,659,468
1976,637,457
1977,636,458
1978,629,465
1979,643,464
1980,634,465
1981,626,461
1982,640,446
1983,649,457
1984,643,441
1985,651,449
1986,646,474
1987,626,438
1988,637,484
1989,626,437
1990,631,480
1991,641,443
1992,658,463
1993,645,477
1994,635,445
1995,646,469
1996,641,471
1997,648,459
1998,639,437
1999,638,450
2000,627,421
2001,624,452
2002,617,454
2003,631,423
2004,638,462
2005,610,467
2006,617,443
2007,625,455
2008,640,473
2009,640,457
2010,633,451
2011,633,462
2012,649,440
2013,646,449
2014,639,452
2015,652,444
2016,623,423
2017,640,451
2018,640,470
2019,639,467
2020,639,447
2021,658,463
2022,666,468
2023,666,467
2024,645,465
2025,639,423
2026,639,457
2027,675,468
2028,650,447
2029,653,456
2030,655,445
2031,654,449
2032,649,443
2033,644,463
2034,635,444
2035,655,455
2036,636,443
2037,640,449
2038,657,441
2039,646,447
2040,635,453
2041,664,452
2042,644,454
2043,634,441
2044,646,437
2045,639,464
2046,646,455
2047,644,471
2048,650,453
2049,648,440
2050,647,436
2051,640,451
2052,639,446
2053,624,442
2054,638,454
2055,663,479
2056,642,460
2057,631,440
2058,642,450
2059,654,467
2060,661,455
2061,659,464
2062,652,455
2063,644,440
2064,636,435
2065,643,435
2066,619,439
2067,645,446
2068,647,448
2069,635,458
2070,621,446
2071,641,468
2072,640,443
2073,638,462
2074,651,449
2075,653,456
2076,650,450
2077,645,452
2078,654,443
2079,629,437
2080,643,437
2081,649,445
2082,654,445
2083,639,431
2084,632,434
2085,640,447
2086,644,437
2087,638,427
2088,654,457
2089,622,443
2090,648,455
2091,631,441
2092,658,440
2093,640,468
2094,649,460
2095,647,442
2096,650,467
2097,619,434
2098,641,445
2099,645,459
2100,650,448
2101,656,460
2102,643,473
2103,669,450
2104,621,466
2105,648,469
2106,641,459
2107,633,447
2108,629,464
2109,623,465
2110,629,458
2111,645,492
2112,637,472
2113,642,458
2114,619,434
2115,659,473
2116,649,456
2117,650,450
2118,640,462
2119,650,470
2120,629,456
2121,648,448
2122,629,445
2123,646,450
2124,634,459
2125,634,465
2126,633,457
2127,629,437
2128,625,445
2129,625,456
2130,629,444
2131,620,450
2132,629,452
2133,645,441
2134,627,452
2135,636,442
2136,639,457
2137,629,469
2138,627,435
2139,647,439
2140,637,471
2141,633,472
2142,623,436
2143,627,456
2144,642,465
2145,637,458
2146,647,444
2147,653,449
2148,673,446
2149,654,451
2150,639,456
2151,644,436
2152,642,451
2153,641,443
2154,655,434
2155,642,455
2156,637,464
2157,640,452
2158,661,462
2159,646,451
2160,647,446
2161,636,443
2162,647,450
2163,648,446
2164,648,451
2165,642,446
2166,637,436
2167,645,446
2168,638,464
2169,658,445
2170,651,460
2171,657,441
2172,641,441
2173,647,461
2174,643,445
2175,642,433
2176,643,440
2177,643,441
2178,649,441
2179,645,462
2180,649,451
2181,635,443
2182,637,436
2183,647,453
2184,657,462
2185,638,458
2186,655,466
2187,661,449
2188,642,441
2189,631,440
2190,653,441
2191,667,443
2192,615,446
2193,638,439
2194,637,468
2195,658,448
2196,631,446
2197,646,434
2198,655,438
2199,645,446
2200,671,461
2201,625,433
2202,636,444
2203,648,441
2204,652,457
2205,638,434
2206,621,434
2207,642,444
2208,638,461
2209,634,440
2210,635,428
2211,626,422
2212,625,444
2213,645,444
2214,609,430
2215,645,452
2216,634,452
2217,632,453
2218,638,439
2219,643,465
2220,647,455
2221,634,470
2222,654,465
2223,644,454
2224,647,451
2225,618,470
2226,655,445
2227,611,460
2228,629,458
2229,623,448
2230,625,445
2231,643,453
2232,643,476
2233,656,464
2234,632,458
2235,640,450
2236,632,457
2237,638,454
2238,626,444
2239,633,454
2240,628,435
2241,629,441
2242,641,448
2243,629,459
2244,631,457
2245,641,450
2246,623,462
2247,625,450
2248,642,467
2249,617,445
2250,642,455
2251,634,454
2252,627,447
2253,634,452
2254,648,428
2255,639,445
2256,639,447
2257,636,450
2258,622,435
2259,642,449
2260,643,446
2261,622,432
2262,633,465
2263,629,435
2264,629,469
2265,641,435
2266,652,440
2267,649,466
2268,633,454
2269,646,456
2270,646,458
2271,635,425
2272,634,438
2273,641,430
2274,646,438
2275,634,456
2276,644,459
2277,645,446
2278,649,432
2279,647,454
2280,643,442
2281,647,432
2282,649,452
2283,647,454
2284,655,455
2285,651,450
2286,659,431
2287,655,445
2288,650,448
2289,649,433
2290,633,453
2291,658,445
2292,652,439
2293,649,450
2294,637,445
2295,626,458
2296,641,462
2297,647,439
2298,634,445
2299,661,452
2300,638,435
2301,646,464
2302,632,459
2303,644,439
2304,638,447
2305,637,467
2306,637,458
2307,632,446
2308,642,457
2309,653,448
2310,645,442
2311,647,452
2312,639,458
2313,641,433
2314,634,458
2315,620,447
2316,656,446
2317,647,466
2318,655,423
2319,634,450
2320,652,443
2321,664,460
2322,640,429
2323,650,439
2324,637,443
2325,649,448
2326,644,453
2327,620,429
2328,640,431
2329,633,461
2330,636,444
2331,629,435
2332,613,418
2333,631,426
2334,642,453
2335,638,455
2336,641,439
2337,651,462
2338,633,432
2339,652,449
2340,650,467
2341,638,443
2342,614,436
2343,639,473
2344,619,433
2345,622,445
2346,626,463
2347,643,446
2348,628,458
2349,642,459
2350,634,430
2351,657,480
2352,633,451
2353,644,466
2354,638,433
2355,626,474
2356,635,449
2357,642,464
2358,631,456
2359,651,462
2360,627,458
2361,632,460
2362,636,443
2363,623,447
2364,627,441
2365,629,437
2366,632,452
2367,631,444
2368,633,450
2369,646,471
2370,633,466
2371,623,452
2372,636,453
2373,634,473
2374,636,472
2375,621,436
2376,631,451
2377,627,484
2378,656,464
2379,617,434
2380,630,449
2381,643,446
2382,623,443
2383,639,441
2384,642,459
2385,653,459
2386,609,437
2387,631,449
2388,662,459
2389,637,469
2390,655,450
2391,657,460
2392,638,452
2393,644,443
2394,641,444
2395,632,446
2396,626,446
2397,641,447
2398,646,438
2399,641,450
2400,659,447
2401,644,454
2402,652,438
2403,646,441
2404,636,432
2405,653,453
2406,656,443
2407,637,444
2408,638,435
2409,635,437
2410,653,454
2411,639,451
2412,634,451
2413,639,467
2414,632,427
2415,632,435
2416,635,463
2417,639,456
2418,641,452
2419,634,443
2420,643,464
2421,641,454
2422,639,467
2423,635,469
2424,644,451
2425,659,452
2426,644,433
2427,640,442
2428,637,443
2429,642,449
2430,632,435
2431,632,460
2432,639,432
2433,646,435
2434,644,465
2435,644,445
2436,641,457
2437,644,441
2438,627,449
2439,633,458
2440,652,442
2441,652,429
2442,657,427
2443,657,459
2444,635,455
2445,657,447
2446,641,442
2447,654,435
2448,660,423
2449,652,440
2450,636,439
2451,637,455
2452,637,454
2453,655,427
2454,607,415
2455,649,441
2456,646,473
2457,641,450
2458,630,466
2459,658,458
2460,643,454
2461,663,472
2462,634,449
2463,646,437
2464,640,461
2465,642,458
2466,646,479
2467,645,458
2468,634,456
2469,628,460
2470,650,454
2471,629,433
2472,634,454
2473,633,458
2474,627,438
2475,643,470
2476,623,461
2477,624,450
2478,640,462
2479,631,446
2480,632,463
2481,630,457
2482,633,455
2483,650,453
2484,649,451
2485,631,450
2486,619,429
2487,632,463
2488,642,443
2489,619,461
2490,619,460
2491,631,454
2492,622,444
2493,633,454
2494,640,470
2495,621,439
2496,661,451
2497,631,456
2498,630,455
2499,632,446
2500,640,464
2501,638,445
2502,653,451
2503,627,447
2504,640,458
2505,646,444
2506,638,446
2507,643,457
2508,638,457
2509,639,449
2510,641,445
2511,636,441
2512,634,457
2513,645,437
2514,636,439
2515,656,451
2516,641,453
2517,638,447
2518,651,441
2519,640,438
2520,650,445
2521,673,456
2522,642,462
2523,651,454
2524,642,453
2525,651,453
2526,637,436
2527,644,462
2528,650,439
2529,636,451
2530,642,443
2531,654,452
2532,659,448
2533,642,448
2534,648,437
2535,654,456
2536,654,448
2537,640,446
2538,652,445
2539,638,444
2540,627,455
2541,649,463
2542,640,437
2543,661,435
2544,647,433
2545,628,465
2546,655,439
2547,645,448
2548,642,445
2549,642,441
2550,641,442
2551,644,440
2552,649,445
2553,639,434
2554,640,436
2555,619,443
2556,652,444
2557,642,448
2558,636,448
2559,629,441
2560,644,441
2561,644,449
2562,649,451
2563,637,428
2564,630,445
2565,646,442
2566,646,443
2567,644,436
2568,637,447
2569,669,450
2570,635,426
2571,650,438
2572,650,455
2573,638,445
2574,619,445
2575,630,459
2576,617,430
2577,635,438
2578,640,449
2579,649,435
2580,640,470
2581,648,466
2582,633,436
2583,643,440
2584,666,469
2585,641,472
2586,622,453
2587,637,456
2588,634,469
2589,639,465
2590,625,462
2591,630,451
2592,633,445
2593,628,450
2594,625,462
2595,607,465
2596,643,480
2597,653,452
2598,629,432
2599,644,460
2600,633,441
2601,615,458
2602,633,457
2603,639,458
2604,626,438
2605,637,475
2606,643,464
2607,622,434
2608,626,444
2609,668,488
2610,624,454
2611,627,447
2612,639,465
2613,619,432
2614,654,465
2615,644,455
2616,622,455
2617,631,464
2618,631,446
2619,647,447
2620,634,452
2621,630,435
2622,634,447
2623,619,438
2624,634,436
2625,632,440
2626,617,439
2627,633,449
2628,633,447
2629,640,473
2630,633,460
2631,636,442
2632,655,466
2633,643,444
2634,624,431
2635,628,447
2636,637,433
2637,625,441
2638,642,456
2639,633,437
2640,651,445
2641,645,443
2642,656,438
2643,643,444
2644,638,440
2645,669,475
2646,648,449
2647,638,452
2648,643,451
2649,643,453
2650,647,430
2651,641,449
2652,647,458
2653,647,432
2654,647,447
2655,642,446
2656,650,437
2657,650,449
2658,635,441
2659,636,451
2660,643,445
2661,642,454
2662,639,452
2663,639,451
2664,631,466
2665,641,450
2666,633,439
2667,649,460
2668,630,439
2669,648,448
2670,652,428
2671,672,474
2672,630,466
2673,655,436
2674,646,447
2675,642,437
2676,636,431
2677,634,452
2678,645,431
2679,633,433
2680,643,458
2681,630,437
2682,635,443
2683,640,450
2684,640,444
2685,649,460
2686,622,427
2687,666,450
2688,645,424
2689,634,433
2690,618,434
2691,636,456
2692,649,466
2693,641,436
2694,668,445
2695,641,434
2696,650,450
2697,647,455
2698,633,411
2699,641,454
2700,632,438
2701,632,432
2702,638,454
2703,651,454
2704,648,454
2705,645,458
2706,644,465
2707,660,456
2708,634,454
2709,644,452
2710,649,471
2711,631,464
2712,633,474
2713,635,448
2714,648,450
2715,631,461
2716,636,482
2717,657,470
2718,633,461
2719,632,459
2720,639,452
2721,636,450
2722,645,451
2723,623,454
2724,652,449
2725,634,451
2726,648,465
2727,637,455
2728,627,456
2729,636,440
2730,640,442
2731,658,438
2732,636,454
2733,650,446
2734,631,448
2735,625,452
2736,641,450
2737,620,454
2738,645,462
2739,633,448
2740,624,470
2741,630,457
2742,627,447
2743,659,465
2744,627,463
2745,654,459
2746,654,453
2747,652,478
2748,654,455
2749,638,442
2750,622,461
2751,656,463
2752,647,467
2753,660,459
2754,656,455
2755,667,468
2756,665,449
2757,664,465
2758,650,447
2759,687,457
2760,686,467
2761,662,438
2762,639,465
2763,647,445
2764,664,449
2765,641,473
2766,654,442
2767,645,443
2768,652,461
2769,655,449
2770,644,443
2771,658,466
2772,645,425
2773,651,457
2774,647,445
2775,647,459
2776,650,464
2777,640,463
2778,637,450
2779,646,446
2780,646,441
2781,637,457
2782,661,450
2783,643,452
2784,649,459
2785,641,460
2786,625,433
2787,643,436
2788,639,456
2789,649,440
2790,643,455
2791,650,451
2792,658,444
2793,641,449
2794,642,445
2795,647,440
2796,647,453
2797,637,464
2798,662,462
2799,657,453
2800,651,455
2801,646,454
2802,642,447
2803,643,461
2804,644,450
2805,626,429
2806,637,446
2807,650,432
2808,647,440
2809,650,447
2810,626,438
2811,641,547
2812,507,423
2813,655,447
2814,659,456
2815,666,331
2816,651,1176
2817,621,435
2818,636,441
2819,652,435
2820,624,436
2821,638,424
2822,637,446
2823,632,453
2824,640,460
2825,643,452
2826,628,465
2827,649,461
2828,635,455
2829,668,468
2830,632,422
2831,651,477
2832,642,462
2833,630,444
2834,624,451
2835,632,448
2836,624,460
2837,624,453
2838,628,461
2839,621,431
2840,653,478
2841,648,471
2842,631,346
2843,938,446
2844,484,448
2845,633,561
2846,636,448
2847,634,337
2848,616,443
2849,465,457
2850,635,742
2851,625,457
2852,1089,434
2853,637,796
2854,465,450
2855,648,459
2856,627,456
2857,642,451
2858,630,456
2859,633,426
2860,748,369
2861,628,441
2862,644,700
2863,618,498
2864,620,449
2865,987,350
2866,621,451
2867,626,445
2868,637,438
2869,633,462
2870,650,442
2871,635,445
2872,623,445
2873,639,444
2874,638,445
2875,645,466
2876,648,440
2877,642,431
2878,643,451
2879,641,430
2880,643,452
2881,678,453
2882,646,445
2883,652,451
2884,643,438
2885,639,441
2886,642,430
2887,644,439
2888,648,450
2889,630,448
2890,645,457
2891,643,453
2892,653,450
2893,648,449
2894,646,458
2895,648,436
2896,648,438
2897,636,464
2898,643,447
2899,643,462
2900,647,454
2901,638,447
2902,647,435
2903,639,440
2904,635,453
2905,642,431
2906,634,454
2907,644,465
2908,641,452
2909,635,448
2910,645,433
2911,645,440
2912,636,446
2913,645,437
2914,639,449
2915,621,444
2916,651,471
2917,642,446
2918,646,455
2919,634,446
2920,658,440
2921,653,433
2922,622,457
2923,635,449
2924,639,436
2925,644,461
2926,644,435
2927,652,432
2928,651,448
2929,606,431
2930,650,435
2931,648,448
2932,627,431
2933,643,445
2934,636,454
2935,643,463
2936,650,449
2937,638,438
2938,637,466
2939,635,448
2940,636,428
2941,620,418
2942,640,439
2943,626,444
2944,638,454
2945,635,447
2946,649,449
2947,641,465
2948,642,442
2949,635,463
2950,628,473
2951,644,451
2952,629,462
2953,633,482
2954,645,470
2955,654,458
2956,628,467
2957,629,442
2958,652,447
2959,627,459
2960,638,455
2961,638,465
2962,628,447
2963,639,454
2964,639,466
2965,638,456
2966,631,452
2967,636,419
2968,623,460
2969,642,452
2970,629,449
2971,644,443
2972,643,458
2973,646,443
2974,630,467
2975,628,436
2976,659,466
2977,629,465
2978,630,453
2979,630,451
2980,635,444
2981,659,449
2982,611,440
2983,630,454
2984,620,445
2985,624,468
2986,638,453
2987,645,452
2988,629,447
2989,629,433
2990,630,448
2991,634,456
2992,633,459
2993,632,438
2994,647,451
2995,630,454
2996,634,443
2997,622,447
2998,638,459
2999,634,454
3000,641,447
3001,640,454
3002,650,445
3003,631,469
3004,654,458
3005,644,459
3006,643,454
3007,649,445
3008,648,448
3009,643,436
3010,645,428
3011,659,445
3012,648,457
3013,643,451
3014,654,463
3015,652,456
3016,642,466
3017,628,455
3018,649,440
3019,637,445
3020,633,446
3021,645,438
3022,648,444
3023,635,458
3024,647,444
3025,635,432
3026,625,442
3027,622,441
3028,648,451
3029,641,435
3030,646,468
3031,649,450
3032,646,445
3033,640,443
3034,651,453
3035,666,470
3036,662,459
3037,674,459
3038,643,452
3039,653,458
3040,654,442
3041,658,461
3042,667,475
3043,686,453
3044,666,462
3045,669,459
3046,667,486
3047,672,472
3048,676,457
3049,687,477
3050,674,482
3051,671,469
3052,681,486
3053,687,487
3054,698,489
3055,691,516
3056,708,505
3057,703,487
3058,704,515
3059,729,513
3060,726,517
3061,752,527
3062,768,555
3063,780,561
3064,813,591
3065,793,599
3066,817,606
3067,825,622
3068,846,641
3069,814,626
3070,824,628
3071,847,618
3072,815,602
3073,800,610
3074,810,591
3075,799,590
3076,816,578
3077,806,585
3078,811,586
3079,796,592
3080,801,564
3081,799,573
3082,797,581
3083,817,574
3084,811,588
3085,802,569
3086,803,570
3087,789,538
3088,785,541
3089,781,535
3090,753,522
3091,769,518
3092,761,503
3093,738,508
3094,736,509
3095,723,495
3096,727,490
3097,714,490
3098,710,495
3099,703,496
3100,707,494
3101,696,480
3102,689,459
3103,693,471
3104,675,464
3105,671,462
3106,692,467
3107,704,471
3108,673,472
3109,688,468
3110,699,484
3111,679,457
3112,685,451
3113,697,463
3114,692,452
3115,683,461
3116,700,465
3117,711,470
3118,696,481
3119,722,451
3120,700,439
3121,715,448
3122,700,454
3123,707,474
3124,706,439
3125,710,455
3126,724,462
3127,707,455
3128,713,467
3129,715,451
3130,721,471
3131,720,471
3132,731,466
3133,726,487
3134,721,498
3135,713,497
3136,723,493
3137,707,471
3138,724,482
3139,706,474
3140,692,472
3141,702,456
3142,701,486
3143,711,468
3144,697,480
3145,703,471
3146,695,469
3147,714,452
3148,700,469
3149,706,462
3150,697,460
3151,687,447
3152,693,471
3153,706,487
3154,706,459
3155,715,467
3156,719,474
3157,726,477
3158,722,466
3159,712,488
3160,737,463
3161,705,452
3162,713,485
3163,705,461
3164,733,464
3165,747,478
3166,725,463
3167,722,468
3168,723,492
3169,741,476
3170,736,450
3171,710,451
3172,725,481
3173,739,472
3174,723,475
3175,728,464
3176,706,466
3177,722,488
3178,738,483
3179,696,456
3180,732,451
3181,724,452
3182,710,489
3183,717,472
3184,736,464
3185,719,479
3186,722,491
3187,732,488
3188,710,493
3189,709,497
3190,721,483
3191,725,485
3192,726,481
3193,724,489
3194,739,483
3195,755,488
3196,722,488
3197,738,499
3198,737,491
3199,757,516
3200,747,501
3201,726,497
3202,750,504
3203,731,482
3204,741,501
3205,778,504
3206,754,498
3207,740,481
3208,727,475
3209,759,484
3210,741,486
3211,732,513
3212,754,470
3213,723,486
3214,773,492
3215,749,521
3216,732,491
3217,731,472
3218,732,481
3219,718,504
3220,731,496
3221,729,507
3222,704,480
3223,707,493
3224,729,496
3225,735,492
3226,737,506
3227,729,480
3228,719,483
3229,698,488
3230,730,493
3231,742,499
3232,741,483
3233,733,495
3234,743,478
3235,721,505
3236,744,487
3237,742,468
3238,764,491
3239,740,475
3240,733,495
3241,750,474
3242,749,469
3243,745,485
3244,738,473
3245,748,479
3246,737,494
3247,742,471
3248,722,491
3249,749,497
3250,759,486
3251,750,477
3252,748,496
3253,740,490
3254,749,468
3255,733,491
3256,754,481
3257,735,475
3258,751,484
3259,749,496
3260,756,492
3261,748,479
3262,740,478
3263,749,494
3264,730,487
3265,758,476
3266,753,488
3267,747,468
3268,726,498
3269,739,480
3270,736,502
3271,732,464
3272,728,490
3273,743,486
3274,751,467
3275,745,477
3276,757,481
3277,737,487
3278,717,477
3279,739,472
3280,720,458
3281,724,486
3282,730,481
3283,720,469
3284,743,491
3285,749,460
3286,733,499
3287,739,467
3288,751,491
3289,713,462
3290,713,469
3291,728,463
3292,766,499
3293,731,476
3294,717,486
3295,726,474
3296,735,486
3297,728,468
3298,749,489
3299,747,480
3300,737,486
3301,740,472
3302,708,475
3303,734,498
3304,716,459
3305,724,485
3306,731,477
3307,741,497
3308,719,482
3309,711,486
3310,732,493
3311,730,493
3312,717,499
3313,729,490
3314,727,486
3315,766,497
3316,715,467
3317,712,487
3318,715,481
3319,741,517
3320,729,489
3321,742,496
3322,714,492
3323,734,486
3324,733,488
3325,717,487
3326,708,492
3327,734,465
3328,729,505
3329,748,478
3330,727,475
3331,722,480
3332,728,492
3333,718,499
3334,719,486
3335,741,504
3336,721,482
3337,724,493
3338,708,475
3339,722,489
3340,717,489
3341,727,495
3342,719,472
3343,703,495
3344,713,480
3345,719,457
3346,712,488
3347,715,472
3348,710,458
3349,727,480
3350,729,485
3351,695,473
3352,710,474
3353,717,472
3354,717,459
3355,729,469
3356,743,476
3357,753,477
3358,721,476
3359,735,481
3360,721,456
3361,720,473
3362,733,463
3363,730,451
3364,725,460
3365,738,492
3366,751,481
3367,742,457
3368,718,457
3369,715,482
3370,736,481
3371,728,475
3372,734,468
3373,731,472
3374,712,465
3375,718,446
3376,732,473
3377,713,479
3378,723,471
3379,721,472
3380,711,475
3381,731,464
3382,720,455
3383,729,451
3384,728,461
3385,718,462
3386,722,459
3387,721,457
3388,726,450
3389,725,480
3390,725,473
3391,715,453
3392,722,451
3393,721,447
3394,735,473
3395,715,457
3396,737,460
3397,738,480
3398,723,465
3399,724,468
3400,731,451
3401,710,454
3402,720,487
3403,736,471
3404,727,449
3405,724,445
3406,724,453
3407,725,454
3408,744,472
3409,725,458
3410,718,443
3411,721,472
3412,725,475
3413,734,445
3414,735,474
3415,727,486
3416,726,449
3417,727,457
3418,726,458
3419,723,447
3420,727,460
3421,729,475
3422,737,481
3423,717,460
3424,730,446
3425,726,471
3426,722,445
3427,736,484
3428,749,479
3429,732,460
3430,706,480
3431,706,475
3432,732,493
3433,732,499
3434,717,499
3435,715,466
3436,725,476
3437,725,481
3438,740,468
3439,726,501
3440,720,480
3441,721,484
3442,730,473
3443,703,472
3444,720,456
3445,735,500
3446,732,477
3447,745,486
3448,725,482
3449,711,460
3450,729,497
3451,720,476
3452,746,489
3453,711,478
3454,738,460
3455,730,482
3456,724,489
3457,730,471
3458,745,497
3459,737,468
3460,712,462
3461,727,491
3462,738,490
3463,742,476
3464,743,470
3465,714,473
3466,738,490
3467,721,479
3468,741,499
3469,732,483
3470,739,484
3471,724,483
3472,718,486
3473,736,492
3474,720,469
3475,743,484
3476,717,495
3477,731,478
3478,744,485
3479,758,479
3480,736,488
3481,722,462
3482,755,507
3483,743,487
3484,746,461
3485,727,483
3486,732,463
3487,738,487
3488,726,487
3489,753,459
3490,734,474
3491,738,487
3492,731,494
3493,733,483
3494,738,490
3495,725,482
3496,721,467
3497,737,462
3498,745,508
3499,721,483
3500,734,464
3501,725,466
3502,729,465
3503,714,459
3504,720,455
3505,720,479
3506,718,478
3507,702,451
3508,722,455
3509,706,468
3510,706,452
3511,704,469
3512,709,480
3513,706,474
3514,705,468
3515,702,458
3516,695,449
3517,704,463
3518,697,449
3519,712,453
3520,704,469
3521,694,461
3522,701,462
3523,705,451
3524,682,457
3525,695,470
3526,705,469
3527,719,458
3528,724,474
3529,698,454
3530,718,468
3531,719,460
3532,709,465
3533,708,449
3534,731,483
3535,711,473
3536,734,453
3537,724,474
3538,702,453
3539,700,445
3540,711,476
3541,703,449
3542,716,473
3543,704,473
3544,716,444
3545,700,456
3546,711,448
3547,734,471
3548,731,471
3549,728,454
3550,702,464
3551,697,438
3552,700,465
3553,700,494
3554,721,471
3555,713,457
3556,724,457
3557,696,462
3558,697,474
3559,708,476
3560,697,464
3561,704,463
3562,680,455
3563,710,482
3564,708,469
3565,688,460
3566,690,489
3567,703,503
3568,701,461
3569,703,470
3570,690,456
3571,693,468
3572,699,459
3573,678,473
3574,686,462
3575,702,470
3576,713,480
3577,682,476
3578,696,473
3579,701,478
3580,706,468
3581,711,469
3582,683,465
3583,696,460
3584,686,465
3585,717,479
3586,697,473
3587,679,467
3588,708,463
3589,701,454
3590,679,445
3591,701,478
3592,699,463
3593,695,475
3594,691,471
3595,698,479
3596,696,472
3597,694,459
3598,704,472
3599,682,470
3600,689,484
3601,706,451
3602,696,457
3603,693,477
3604,713,475
3605,721,477
3606,723,467
3607,697,471
3608,710,470
3609,703,449
3610,707,469
3611,708,453
3612,700,451
3613,720,446
3614,710,468
3615,699,461
3616,716,447
3617,708,483
3618,700,466
3619,708,462
3620,699,478
3621,694,456
3622,710,463
3623,697,447
3624,692,466
3625,694,459
3626,706,458
3627,694,464
3628,708,464
3629,692,456
3630,693,463
3631,691,471
3632,707,456
3633,696,462
3634,713,477
3635,692,465
3636,698,470
3637,690,459
3638,704,474
3639,692,459
3640,702,450
3641,685,441
3642,720,452
3643,715,457
3644,690,455
3645,682,455
3646,685,441
3647,700,469
3648,698,454
3649,686,428
3650,693,458
3651,690,472
3652,701,472
3653,695,461
3654,722,458
3655,697,447
3656,692,466
3657,689,457
3658,717,462
3659,703,458
3660,692,442
3661,688,447
3662,693,468
3663,693,449
3664,678,459
3665,704,448
3666,675,437
3667,680,423
3668,700,439
3669,680,443
3670,689,464
3671,727,468
3672,706,481
3673,698,469
3674,710,487
3675,702,460
3676,670,470
3677,680,468
3678,683,470
3679,696,470
3680,686,466
3681,699,463
3682,727,464
3683,676,461
3684,702,478
3685,672,472
3686,690,471
3687,683,463
3688,693,473
3689,693,466
3690,695,470
3691,669,463
3692,690,475
3693,682,464
3694,717,474
3695,693,468
3696,682,460
3697,684,477
3698,718,449
3699,672,449
3700,687,467
3701,664,456
3702,675,463
3703,703,455
3704,678,449
3705,697,470
3706,686,480
3707,666,442
3708,687,447
3709,672,453
3710,668,462
3711,680,445
3712,654,432
3713,685,481
3714,683,461
3715,674,459
3716,675,474
3717,684,462
3718,691,459
3719,662,456
3720,694,448
3721,686,476
3722,681,459
3723,688,461
3724,681,471
3725,674,451
3726,674,447
3727,702,472
3728,692,445
3729,688,469
3730,690,442
3731,703,457
3732,697,451
3733,696,464
3734,694,443
3735,690,454
3736,684,450
3737,698,441
3738,693,462
3739,691,467
3740,689,462
3741,675,455
3742,684,460
3743,687,455
3744,695,449
3745,686,432
3746,684,481
3747,702,453
3748,682,460
3749,688,461
3750,682,449
3751,690,459
3752,690,445
3753,690,457
3754,679,466
3755,688,450
3756,689,474
3757,701,454
3758,685,467
3759,699,467
3760,687,468
3761,690,468
3762,702,465
3763,704,473
3764,690,448
3765,699,453
3766,696,444
3767,692,458
3768,680,432
3769,697,463
3770,690,465
3771,718,474
3772,675,439
3773,711,457
3774,682,435
3775,715,475
3776,693,461
3777,687,439
3778,695,454
3779,680,462
3780,716,449
3781,730,436
3782,689,450
3783,693,469
3784,686,453
3785,698,465
3786,693,466
3787,689,448
3788,689,456
3789,693,450
3790,664,438
3791,691,459
3792,691,467
3793,707,449
3794,679,444
3795,723,467
3796,692,475
3797,670,447
3798,689,475
3799,692,469
3800,701,464
3801,683,452
3802,682,456
3803,699,478
3804,688,461
3805,704,490
3806,689,460
3807,703,470
3808,693,451
3809,677,462
3810,683,467
3811,679,460
3812,698,462
3813,678,469
3814,676,470
3815,679,471
3816,689,455
3817,663,469
3818,673,459
3819,692,458
3820,691,470
3821,695,458
3822,676,461
3823,689,479
3824,673,470
3825,689,458
3826,663,447
3827,664,436
3828,659,451
3829,692,474
3830,676,459
3831,655,443
3832,686,450
3833,666,457
3834,673,458
3835,676,461
3836,665,443
3837,687,469
3838,658,449
3839,667,451
3840,692,458
3841,680,466
3842,697,465
3843,676,455
3844,692,458
3845,694,452
3846,697,456
3847,676,455
3848,669,460
3849,689,466
3850,707,480
3851,697,464
3852,700,450
3853,700,452
3854,696,465
3855,682,454
3856,696,461
3857,684,454
3858,684,453
3859,699,461
3860,695,457
3861,683,461
3862,694,475
3863,700,471
3864,693,466
3865,685,468
3866,699,478
3867,693,457
3868,690,460
3869,691,456
3870,683,461
3871,685,453
3872,701,467
3873,670,469
3874,704,449
3875,680,458
3876,688,458
3877,688,466
3878,694,453
3879,689,465
3880,695,452
3881,691,470
3882,688,467
3883,695,440
3884,691,476
3885,692,468
3886,684,455
3887,691,449
3888,680,446
3889,707,450
3890,695,443
3891,699,488
3892,697,482
3893,679,451
3894,707,461
3895,681,441
3896,688,484
3897,688,456
3898,677,443
3899,664,433
3900,678,442
3901,683,440
3902,683,461
3903,693,457
3904,682,445
3905,686,450
3906,692,453
3907,689,451
3908,692,471
3909,691,458
3910,686,463
3911,689,446
3912,703,468
3913,666,452
3914,669,444
3915,685,467
3916,695,450
3917,680,453
3918,689,469
3919,680,446
3920,705,486
3921,680,469
3922,698,502
3923,671,458
3924,683,461
3925,681,469
3926,702,466
3927,681,439
3928,692,460
3929,677,455
3930,680,466
3931,668,455
3932,657,457
3933,693,464
3934,684,457
3935,689,455
3936,685,446
3937,696,459
3938,677,481
3939,697,476
3940,671,478
3941,656,468
3942,680,459
3943,671,445
3944,659,439
3945,666,452
3946,662,459
3947,675,455
3948,662,438
3949,660,444
3950,680,449
3951,693,478
3952,667,447
3953,686,472
3954,700,474
3955,661,452
3956,685,474
3957,672,443
3958,672,469
3959,683,480
3960,684,452
3961,694,469
3962,693,458
3963,679,473
3964,685,469
3965,662,467
3966,680,433
3967,709,479
3968,689,453
3969,693,467
3970,675,454
3971,683,468
3972,702,449
3973,705,458
3974,682,473
3975,703,462
3976,700,456
3977,699,460
3978,693,475
3979,692,481
3980,699,458
3981,695,461
3982,703,472
3983,698,483
3984,697,448
3985,699,461
3986,694,477
3987,707,465
3988,696,460
3989,692,454
3990,697,472
3991,693,455
3992,706,444
3993,687,464
3994,704,458
3995,692,457
3996,705,461
3997,702,468
3998,696,474
3999,703,458
4000,682,459
4001,664,443
4002,699,437
4003,699,444
4004,692,449
4005,686,463
4006,687,474
4007,687,480
4008,700,472
4009,696,469
4010,683,442
4011,698,461
4012,698,456
4013,705,454
4014,703,454
4015,690,461
4016,685,456
4017,682,462
4018,685,453
4019,686,463
4020,676,452
4021,704,452
4022,685,468
4023,695,441
4024,695,452
4025,702,434
4026,696,446
4027,667,439
4028,690,450
4029,717,458
4030,698,455
4031,688,456
4032,699,455
4033,674,468
4034,695,466
4035,677,466
4036,698,451
4037,685,459
4038,689,452
4039,689,451
4040,685,468
4041,701,463
4042,689,493
4043,693,459
4044,685,469
4045,693,460
4046,695,466
4047,697,460
4048,683,502
4049,695,462
4050,710,453
4051,670,471
4052,682,467
4053,692,469
4054,680,463
4055,684,466
4056,678,463
4057,679,454
4058,677,460
4059,686,440
4060,676,464
4061,671,470
4062,695,469
4063,661,447
4064,696,469
4065,693,483
4066,696,469
4067,699,465
4068,688,466
4069,674,461
4070,690,473
4071,683,459
4072,663,465
4073,663,456
4074,682,467
4075,701,465
4076,687,485
4077,699,483
4078,683,473
4079,701,474
4080,686,457
4081,674,460
4082,662,490
4083,672,460
4084,690,473
4085,684,476
4086,694,470
4087,675,468
4088,660,474
4089,673,454
4090,672,428
4091,686,459
4092,671,456
4093,674,464
4094,697,455
4095,705,446
4096,679,453
4097,696,461
4098,695,476
4099,700,439
4100,688,446
4101,699,469
4102,683,457
4103,690,436
4104,702,460
4105,703,470
4106,695,435
4107,691,449
4108,698,441
4109,696,460
4110,686,464
4111,693,457
4112,686,446
4113,683,455
4114,705,450
4115,687,450
4116,677,445
4117,692,450
4118,686,458
4119,678,445
4120,676,458
4121,696,450
4122,684,447
4123,684,477
4124,702,456
4125,689,465
4126,691,458
4127,700,445
4128,686,469
4129,657,438
4130,701,464
4131,685,447
4132,690,466
4133,695,459
4134,700,458
4135,700,477
4136,692,457
4137,692,439
4138,686,445
4139,683,449
4140,687,444
4141,688,449
4142,700,452
4143,693,457
4144,692,459
4145,692,466
4146,685,470
4147,685,448
4148,692,469
4149,683,441
4150,714,462
4151,658,443
4152,692,442
4153,688,462
4154,680,431
4155,706,464
4156,722,466
4157,676,447
4158,675,454
4159,691,481
4160,714,475
4161,681,450
4162,683,460
4163,685,468
4164,668,466
4165,687,473
4166,688,478
4167,682,450
4168,687,476
4169,673,471
4170,680,469
4171,668,478
4172,679,468
4173,687,484
4174,676,474
4175,685,456
4176,677,472
4177,670,472
4178,687,460
4179,667,479
4180,700,466
4181,694,477
4182,689,454
4183,688,448
4184,694,469
4185,706,458
4186,677,462
4187,661,448
4188,673,444
4189,664,470
4190,671,454
4191,697,486
4192,686,476
4193,674,472
4194,675,447
4195,671,441
4196,678,468
4197,676,447
4198,683,464
4199,663,454
4200,704,453
4201,678,452
4202,686,463
4203,679,467
4204,677,457
4205,677,439
4206,670,448
4207,691,466
4208,686,465
4209,697,452
4210,670,448
4211,705,470
4212,699,463
4213,693,468
4214,684,456
4215,685,453
4216,695,464
4217,675,447
4218,694,476
4219,708,457
4220,697,453
4221,685,485
4222,695,469
4223,700,471
4224,714,436
4225,691,456
4226,693,457
4227,699,447
4228,692,457
4229,690,456
4230,693,458
4231,702,448
4232,699,464
4233,684,479
4234,694,456
4235,677,466
4236,689,456
4237,696,456
4238,681,452
4239,694,458
4240,697,474
4241,691,457
4242,705,466
4243,703,460
4244,702,480
4245,684,475
4246,700,454
4247,694,472
4248,696,464
4249,711,465
4250,689,455
4251,693,470
4252,691,462
4253,681,478
4254,698,454
4255,688,471
4256,692,471
4257,687,441
4258,679,464
4259,689,439
4260,674,477
4261,687,449
4262,692,456
4263,697,451
4264,675,454
4265,700,461
4266,684,432
4267,684,440
4268,696,445
4269,679,435
4270,679,444
4271,694,445
4272,696,452
4273,699,438
4274,691,438
4275,696,462
4276,682,450
4277,680,468
4278,688,459
4279,664,444
4280,695,457
4281,705,490
4282,684,472
4283,681,460
4284,692,465
4285,678,458
4286,676,472
4287,676,466
4288,672,476
4289,671,450
4290,692,476
4291,690,459
4292,685,454
4293,675,475
4294,689,471
4295,681,461
4296,703,488
4297,695,473
4298,705,475
4299,680,482
4300,715,493
4301,693,451
4302,683,474
4303,693,491
4304,706,485
4305,689,472
4306,679,470
4307,668,445
4308,672,461
4309,688,481
4310,671,445
4311,654,457
4312,697,465
4313,662,470
4314,662,462
4315,665,480
4316,667,442
4317,649,463
4318,682,444
4319,675,471
4320,670,447
4321,674,467
4322,670,478
4323,660,465
4324,659,454
4325,670,459
4326,638,439
4327,657,452
4328,665,450
4329,654,448
4330,651,451
4331,675,447
4332,659,436
4333,664,450
4334,681,455
4335,656,446
4336,680,467
4337,675,447
4338,663,474
4339,669,462
4340,680,444
4341,664,466
4342,669,458
4343,654,450
4344,682,463
4345,686,455
4346,674,455
4347,660,478
4348,682,453
4349,682,466
4350,648,445
4351,679,451
4352,673,441
4353,676,450
4354,664,463
4355,679,446
4356,665,463
4357,673,461
4358,677,454
4359,676,465
4360,659,450
4361,682,458
4362,663,447
4363,687,463
4364,667,452
4365,673,457
4366,671,446
4367,686,467
4368,676,480
4369,673,450
4370,666,466
4371,692,459
4372,678,468
4373,690,467
4374,691,455
4375,693,451
4376,695,473
4377,698,462
4378,707,489
4379,720,460
4380,708,471
4381,700,467
4382,734,484
4383,728,465
4384,741,475
4385,723,484
4386,715,462
4387,679,446
4388,751,471
4389,731,479
4390,739,448
4391,735,485
4392,740,476
4393,711,459
4394,741,479
4395,732,464
4396,727,491
4397,723,485
4398,750,498
4399,705,470
4400,709,462
4401,711,466
4402,712,483
4403,705,466
4404,714,488
4405,698,475
4406,704,465
4407,703,464
4408,695,485
4409,711,485
4410,716,488
4411,702,487
4412,733,489
4413,718,482
4414,704,473
4415,724,489
4416,726,478
4417,731,496
4418,747,497
4419,727,496
4420,745,490
4421,748,491
4422,731,517
4423,762,501
4424,740,504
4425,745,503
4426,768,518
4427,753,505
4428,773,522
4429,761,514
4430,770,513
4431,770,501
4432,747,515
4433,744,505
4434,772,500
4435,735,500
4436,744,502
4437,756,521
4438,759,519
4439,738,514
4440,758,493
4441,734,498
4442,752,504
4443,734,507
4444,728,485
4445,731,487
4446,740,500
4447,714,473
4448,723,473
4449,727,474
4450,726,478
4451,729,488
4452,728,474
4453,715,476
4454,723,485
4455,702,492
4456,729,473
4457,743,487
4458,731,488
4459,719,475
4460,731,473
4461,746,484
4462,725,478
4463,745,475
4464,733,488
4465,750,501
4466,737,475
4467,724,486
4468,737,484
4469,738,492
4470,744,471
4471,748,490
4472,748,500
4473,737,479
4474,739,491
4475,753,476
4476,734,484
4477,733,494
4478,745,466
4479,725,474
4480,748,470
4481,737,485
4482,739,492
4483,733,485
4484,726,487
4485,730,470
4486,747,470
4487,731,468
4488,730,494
4489,732,490
4490,734,470
4491,725,504
4492,715,471
4493,753,485
4494,754,477
4495,738,473
4496,717,471
4497,733,476
4498,723,479
4499,726,487
4500,728,479
4501,732,462
4502,754,495
4503,737,471
4504,725,486
4505,744,484
4506,708,470
4507,734,478
4508,734,471
4509,730,476
4510,717,473
4511,727,479
4512,722,484
4513,733,489
4514,715,493
4515,743,478
4516,720,475
4517,734,475
4518,730,483
4519,736,489
4520,713,464
4521,718,465
4522,721,480
4523,744,483
4524,726,477
4525,720,483
4526,713,460
4527,728,490
4528,708,483
4529,734,463
4530,737,490
4531,708,479
4532,712,487
4533,725,494
4534,733,480
4535,708,498
4536,704,495
4537,724,480
4538,722,497
4539,711,486
4540,735,516
4541,745,502
4542,715,474
4543,714,499
4544,724,495
4545,718,496
4546,714,501
4547,735,495
4548,704,483
4549,720,496
4550,740,476
4551,731,502
4552,722,498
4553,733,465
4554,732,496
4555,751,495
4556,718,469
4557,711,489
4558,718,484
4559,737,488
4560,737,485
4561,701,475
4562,731,498
4563,720,493
4564,712,492
4565,713,470
4566,721,502
4567,707,475
4568,720,488
4569,703,482
4570,714,487
4571,723,499
4572,708,499
4573,738,496
4574,701,474
4575,717,494
4576,710,492
4577,727,478
4578,730,487
4579,729,487
4580,707,473
4581,727,470
4582,726,482
4583,709,476
4584,738,478
4585,751,490
4586,727,477
4587,739,493
4588,736,490
4589,732,484
4590,724,489
4591,727,492
4592,726,491
4593,749,459
4594,727,489
4595,732,478
4596,731,491
4597,732,481
4598,723,483
4599,732,489
4600,735,482
4601,734,498
4602,718,465
4603,724,467
4604,740,479
4605,731,478
4606,729,483
4607,727,487
4608,724,465
4609,717,471
4610,720,473
4611,729,471
4612,726,487
4613,728,465
4614,726,492
4615,718,471
4616,717,487
4617,720,492
4618,717,484
4619,727,480
4620,740,471
4621,743,482
4622,738,485
4623,737,473
4624,730,478
4625,735,490
4626,726,476
4627,750,465
4628,733,488
4629,727,492
4630,717,481
4631,741,478
4632,706,466
4633,732,487
4634,725,459
4635,730,489
4636,721,469
4637,740,455
4638,726,461
4639,723,485
4640,728,475
4641,723,467
4642,738,478
4643,735,487
4644,727,460
4645,739,454
4646,737,464
4647,714,475
4648,720,474
4649,711,489
4650,731,483
4651,722,492
4652,734,482
4653,724,478
4654,735,489
4655,728,503
4656,739,482
4657,730,487
4658,715,483
4659,741,490
4660,734,505
4661,727,478
4662,729,479
4663,713,475
4664,733,494
4665,724,493
4666,717,490
4667,746,502
4668,734,507
4669,726,496
4670,736,481
4671,724,487
4672,720,493
4673,734,488
4674,755,473
4675,752,488
4676,727,488
4677,742,482
4678,741,487
4679,729,491
4680,719,491
4681,721,489
4682,735,476
4683,737,480
4684,730,486
4685,720,478
4686,719,488
4687,725,485
4688,740,485
4689,741,500
4690,750,485
4691,745,504
4692,749,492
4693,724,498
4694,737,504
4695,744,499
4696,761,501
4697,759,487
4698,754,505
4699,730,496
4700,746,497
4701,736,496
4702,760,485
4703,748,514
4704,753,500
4705,762,497
4706,768,514
4707,774,504
4708,772,522
4709,771,502
4710,776,514
4711,773,517
4712,778,509
4713,788,518
4714,790,525
4715,784,520
4716,795,505
4717,771,503
4718,780,526
4719,766,510
4720,775,513
4721,768,507
4722,778,498
4723,779,507
4724,777,508
4725,776,504
4726,765,522
4727,775,513
4728,778,525
4729,774,507
4730,753,491
4731,768,514
4732,773,522
4733,784,503
4734,773,501
4735,778,510
4736,762,501
4737,775,498
4738,772,495
4739,763,512
4740,779,506
4741,766,498
4742,767,520
4743,775,523
4744,778,492
4745,764,511
4746,778,504
4747,749,477
4748,760,485
4749,778,498
4750,769,485
4751,760,505
4752,772,501
4753,782,504
4754,764,494
4755,767,484
4756,757,483
4757,766,488
4758,758,494
4759,773,492
4760,743,471
4761,763,496
4762,748,506
4763,762,499
4764,764,501
4765,769,469
4766,761,504
4767,740,486
4768,740,508
4769,751,493
4770,754,498
4771,746,502
4772,743,501
4773,740,497
4774,722,501
4775,725,496
4776,723,493
4777,748,512
4778,714,481
4779,687,498
4780,742,498
4781,722,493
4782,744,519
4783,717,488
4784,722,509
4785,725,485
4786,726,496
4787,721,478
4788,698,477
4789,726,510
4790,725,487
4791,719,502
4792,738,497
4793,730,486
4794,733,523
4795,732,509
4796,726,494
4797,734,531
4798,711,499
4799,739,503
4800,712,518
4801,714,510
4802,721,503
4803,721,492
4804,735,506
4805,705,486
4806,707,478
4807,732,518
4808,736,510
4809,719,498
4810,731,507
4811,703,489
4812,715,492
4813,705,497
4814,726,505
4815,716,501
4816,739,515
4817,714,509
4818,708,487
4819,735,509
4820,732,486
4821,732,516
4822,726,499
4823,729,508
4824,732,500
4825,735,502
4826,736,493
4827,736,517
4828,740,496
4829,725,502
4830,728,512
4831,737,515
4832,737,496
4833,725,488
4834,739,496
4835,726,495
4836,741,503
4837,756,494
4838,737,506
4839,731,490
4840,735,497
4841,742,492
4842,742,497
4843,751,500
4844,733,488
4845,752,516
4846,734,497
4847,733,492
4848,730,485
4849,728,488
4850,723,486
4851,747,481
4852,744,495
4853,734,501
4854,729,508
4855,741,516
4856,731,491
4857,728,505
4858,730,510
4859,721,491
4860,727,516
4861,737,522
4862,724,485
4863,724,496
4864,738,491
4865,737,496
4866,748,510
4867,728,501
4868,729,510
4869,738,512
4870,737,514
4871,736,498
4872,741,487
4873,732,506
4874,735,505
4875,722,484
4876,735,495
4877,721,496
4878,731,478
4879,727,504
4880,741,492
4881,742,480
4882,713,473
4883,748,487
4884,715,491
4885,719,490
4886,735,501
4887,730,498
4888,706,461
4889,733,492
4890,738,487
4891,744,495
4892,733,493
4893,748,479
4894,728,493
4895,729,494
4896,737,474
4897,728,501
4898,730,498
4899,714,503
4900,744,518
4901,722,502
4902,718,491
4903,748,522
4904,734,501
4905,740,505
4906,729,495
4907,721,511
4908,716,497
4909,736,505
4910,728,514
4911,718,491
4912,729,494
4913,725,493
4914,722,503
4915,711,489
4916,721,497
4917,746,520
4918,724,506
4919,719,512
4920,744,508
4921,719,501
4922,718,475
4923,721,491
4924,742,511
4925,732,490
4926,731,511
4927,733,517
4928,726,490
4929,718,498
4930,713,497
4931,733,492
4932,745,506
4933,734,505
4934,733,492
4935,730,512
4936,716,500
4937,728,482
4938,739,497
4939,717,510
4940,700,486
4941,733,492
4942,721,497
4943,719,492
4944,728,502
4945,725,488
4946,730,488
4947,739,499
4948,743,498
4949,720,506
4950,747,513
4951,723,510
4952,737,487
4953,720,483
4954,722,499
4955,721,492
4956,734,501
4957,747,497
4958,755,504
4959,734,488
4960,720,491
4961,738,510
4962,732,487
4963,740,498
4964,722,506
4965,732,516
4966,740,492
4967,732,478
4968,727,479
4969,740,500
4970,727,506
4971,728,506
4972,734,505
4973,741,497
4974,719,497
4975,734,509
4976,734,486
4977,723,485
4978,737,499
4979,743,494
4980,729,484
4981,718,476
4982,723,493
4983,730,475
4984,711,516
4985,724,490
4986,727,500
4987,735,488
4988,723,478
4989,729,510
4990,735,490
4991,738,470
4992,726,488
4993,726,483
4994,730,485
4995,730,500
4996,727,492
4997,731,491
4998,730,493
4999,721,502
5000,746,496
5001,719,479
5002,735,482
5003,721,473
5004,743,481
5005,745,504
5006,720,474
5007,733,487
5008,703,490
5009,730,487
5010,746,474
5011,728,483
5012,721,509
5013,735,494
5014,719,481
5015,741,488
5016,735,500
5017,707,479
5018,731,506
5019,745,496
5020,726,499
5021,730,499
5022,740,493
5023,753,504
5024,754,527
5025,732,523
5026,738,510
5027,734,498
5028,720,512
5029,733,493
5030,727,514
5031,721,512
5032,734,493
5033,709,492
5034,748,497
5035,725,502
5036,734,506
5037,727,497
5038,729,512
5039,736,503
5040,724,508
5041,720,493
5042,740,524
5043,745,509
5044,729,497
5045,736,496
5046,727,496
5047,736,490
5048,716,501
5049,742,507
5050,743,479
5051,710,483
5052,717,510
5053,733,500
5054,722,492
5055,750,501
5056,730,508
5057,709,482
5058,721,491
5059,716,482
5060,723,503
5061,709,489
5062,746,542
5063,734,513
5064,717,495
5065,721,493
5066,712,493
5067,733,498
5068,719,509
5069,730,502
5070,722,492
5071,712,503
5072,722,509
5073,702,489
5074,714,485
5075,750,491
5076,726,503
5077,725,492
5078,736,479
5079,750,500
5080,738,496
5081,741,481
5082,767,510
5083,726,479
5084,734,487
5085,733,500
5086,743,482
5087,736,490
5088,744,509
5089,735,495
5090,747,491
5091,733,481
5092,734,510
5093,749,493
5094,755,489
5095,721,493
5096,747,479
5097,753,505
5098,750,494
5099,732,506
5100,742,505
5101,729,488
5102,728,478
5103,735,486
5104,743,495
5105,728,473
5106,726,516
5107,737,501
5108,746,499
5109,728,519
5110,737,484
5111,740,503
5112,726,493
5113,741,496
5114,728,517
5115,732,502
5116,716,482
5117,727,518
5118,736,502
5119,748,497
5120,742,500
5121,751,484
5122,748,502
5123,735,505
5124,727,494
5125,751,483
5126,746,478
5127,740,516
5128,717,489
5129,741,483
5130,718,472
5131,722,478
5132,735,499
5133,713,477
5134,721,489
5135,746,480
5136,745,476
5137,729,481
5138,747,483
5139,730,488
5140,734,475
5141,730,487
5142,733,488
5143,729,479
5144,747,501
5145,725,484
5146,746,506
5147,734,503
5148,736,493
5149,734,496
5150,742,492
5151,721,511
5152,715,498
5153,730,491
5154,726,496
5155,736,500
5156,719,509
5157,710,514
5158,736,523
5159,737,497
5160,732,493
5161,734,504
5162,705,487
5163,725,508
5164,715,503
5165,735,509
5166,725,492
5167,735,518
5168,717,502
5169,727,503
5170,738,495
5171,730,490
5172,718,508
5173,708,495
5174,721,489
5175,728,494
5176,712,490
5177,725,502
5178,733,511
5179,736,503
5180,728,487
5181,718,507
5182,721,485
5183,729,501
5184,725,500
5185,722,507
5186,721,502
5187,699,474
5188,706,493
5189,704,477
5190,718,494
5191,719,505
5192,721,486
5193,708,491
5194,719,512
5195,720,526
5196,700,486
5197,723,501
5198,717,474
5199,697,492
5200,697,500
5201,726,484
5202,732,490
5203,724,491
5204,739,480
5205,743,482
5206,734,503
5207,749,470
5208,735,484
5209,719,499
5210,750,488
5211,733,498
5212,740,483
5213,732,509
5214,730,497
5215,747,508
5216,734,505
5217,727,506
5218,733,481
5219,737,491
5220,721,483
5221,745,479
5222,730,514
5223,731,485
5224,729,485
5225,719,493
5226,750,483
5227,750,495
5228,750,501
5229,730,513
5230,734,496
5231,735,505
5232,730,505
5233,745,498
5234,730,496
5235,737,488
5236,741,479
5237,728,481
5238,746,474
5239,736,484
5240,727,498
5241,727,501
5242,755,498
5243,713,479
5244,730,485
5245,705,484
5246,744,502
5247,722,474
5248,705,478
5249,708,487
5250,725,473
5251,752,519
5252,729,497
5253,738,477
5254,696,471
5255,711,480
5256,731,488
5257,715,482
5258,717,466
5259,723,461
5260,730,473
5261,712,458
5262,707,460
5263,730,479
5264,723,469
5265,728,494
5266,731,493
5267,705,475
5268,731,508
5269,717,492
5270,727,459
5271,714,487
5272,714,487
5273,708,482
5274,712,479
5275,728,495
5276,715,493
5277,728,492
5278,712,492
5279,720,492
5280,732,504
5281,716,506
5282,714,485
5283,734,502
5284,725,501
5285,718,486
5286,721,496
5287,725,500
5288,722,480
5289,721,506
5290,728,498
5291,721,496
5292,708,487
5293,717,503
5294,726,496
5295,702,500
5296,723,487
5297,732,497
5298,721,502
5299,721,508
5300,726,502
5301,715,494
5302,708,486
5303,721,495
5304,704,494
5305,716,482
5306,709,507
5307,710,485
5308,700,496
5309,721,488
5310,720,500
5311,702,473
5312,735,494
5313,705,475
5314,701,486
5315,703,497
5316,724,494
5317,713,501
5318,709,486
5319,715,492
5320,719,491
5321,722,496
5322,707,474
5323,733,496
5324,744,493
5325,730,495
5326,734,503
5327,718,481
5328,730,481
5329,734,485
5330,737,488
5331,724,486
5332,738,479
5333,745,489
5334,732,477
5335,717,484
5336,739,504
5337,742,481
5338,735,486
5339,728,485
5340,726,493
5341,740,495
5342,739,486
5343,731,487
5344,736,483
5345,731,476
5346,730,500
5347,712,509
5348,741,486
5349,737,486
5350,728,497
5351,734,496
5352,732,482
5353,732,494
5354,727,485
5355,726,491
5356,728,484
5357,750,482
5358,731,483
5359,724,503
5360,735,496
5361,735,489
5362,737,505
5363,733,483
5364,733,487
5365,736,486
5366,712,496
5367,742,479
5368,737,504
5369,726,470
5370,722,489
5371,731,474
5372,729,497
5373,734,497
5374,731,505
5375,745,497
5376,710,483
5377,729,490
5378,710,479
5379,735,468
5380,729,475
5381,724,482
5382,739,484
5383,714,474
5384,730,478
5385,720,476
5386,727,509
5387,728,471
5388,725,476
5389,713,482
5390,717,501
5391,710,473
5392,730,496
5393,748,488
5394,710,500
5395,724,489
5396,721,514
5397,735,509
5398,737,504
5399,711,495
5400,733,499
5401,726,505
5402,733,488
5403,712,493
5404,729,510
5405,723,493
5406,728,505
5407,709,500
5408,722,527
5409,711,491
5410,734,523
5411,720,499
5412,706,505
5413,721,489
5414,724,496
5415,730,513
5416,728,519
5417,718,503
5418,742,510
5419,711,503
5420,715,484
5421,737,497
5422,732,491
5423,708,493
5424,710,484
5425,703,466
5426,722,487
5427,720,486
5428,704,502
5429,715,498
5430,733,483
5431,690,504
5432,712,473
5433,736,514
5434,721,485
5435,698,489
5436,737,496
5437,720,505
5438,701,506
5439,711,483
5440,734,506
5441,721,473
5442,720,492
5443,708,480
5444,733,474
5445,751,497
5446,725,480
5447,719,469
5448,721,483
5449,733,479
5450,728,477
5451,734,485
5452,738,484
5453,724,490
5454,739,521
5455,753,513
5456,743,492
5457,724,503
5458,744,488
5459,746,482
5460,742,481
5461,737,487
5462,732,493
5463,738,489
5464,740,486
5465,729,496
5466,717,488
5467,714,504
5468,719,495
5469,741,495
5470,724,489
5471,719,505
5472,729,483
5473,718,496
5474,732,496
5475,743,483
5476,721,479
5477,730,483
5478,724,506
5479,727,495
5480,731,498
5481,726,480
5482,731,494
5483,739,484
5484,726,494
5485,731,490
5486,715,493
5487,733,473
5488,729,491
5489,726,479
5490,745,496
5491,730,488
5492,739,490
5493,728,496
5494,746,490
5495,715,470
5496,713,500
5497,731,492
5498,711,478
5499,719,479
5500,727,494
5501,734,488
5502,730,476
5503,724,482
5504,726,481
5505,757,495
5506,728,489
5507,715,469
5508,720,465
5509,728,492
5510,732,472
5511,728,494
5512,732,497
5513,713,504
5514,720,479
5515,721,494
5516,723,468
5517,746,496
5518,724,503
5519,724,500
5520,748,507
5521,714,466
5522,729,483
5523,731,501
5524,732,501
5525,720,500
5526,723,499
5527,722,490
5528,728,488
5529,717,503
5530,724,495
5531,722,513
5532,712,492
5533,735,494
5534,720,504
5535,730,507
5536,716,468
5537,731,490
5538,714,504
5539,727,494
5540,729,502
5541,720,506
5542,717,485
5543,764,503
5544,704,487
5545,708,468
5546,718,499
5547,731,496
5548,712,499
5549,731,491
5550,733,497
5551,710,501
5552,720,483
5553,718,498
5554,717,491
5555,712,487
5556,723,498
5557,726,504
5558,694,482
5559,716,504
5560,720,495
5561,713,507
5562,719,491
5563,726,488
5564,727,491
5565,735,496
5566,734,506
5567,725,502
5568,729,509
5569,733,490
5570,737,489
5571,722,510
5572,718,499
5573,733,493
5574,734,489
5575,737,492
5576,723,477
5577,732,504
5578,752,476
5579,739,489
5580,742,497
5581,742,486
5582,728,498
5583,749,479
5584,734,502
5585,733,486
5586,726,479
5587,731,493
5588,727,505
5589,738,494
5590,744,482
5591,726,501
5592,716,497
5593,728,493
5594,729,479
5595,739,485
5596,733,507
5597,732,501
5598,730,475
5599,732,488
5600,736,495
5601,725,483
5602,710,482
5603,726,484
5604,730,507
5605,736,494
5606,733,488
5607,721,496
5608,729,503
5609,727,505
5610,721,484
5611,724,489
5612,720,486
5613,751,482
5614,729,499
5615,742,497
5616,736,499
5617,757,492
5618,726,479
5619,731,493
5620,739,482
5621,729,478
5622,737,476
5623,751,505
5624,705,481
5625,725,481
5626,733,469
5627,733,489
5628,731,473
5629,737,493
5630,722,490
5631,751,489
5632,726,505
5633,729,486
5634,748,506
5635,719,485
5636,730,500
5637,730,507
5638,714,501
5639,714,508
5640,742,502
5641,715,486
5642,739,489
5643,719,505
5644,710,502
5645,718,504
5646,723,507
5647,725,487
5648,735,516
5649,730,507
5650,734,507
5651,718,508
5652,740,521
5653,712,500
5654,724,499
5655,723,482
5656,724,508
5657,736,486
5658,726,490
5659,714,470
5660,711,480
5661,724,484
5662,718,513
5663,708,510
5664,745,479
5665,700,489
5666,735,514
5667,724,500
5668,705,488
5669,725,504
5670,727,483
5671,743,510
5672,722,490
5673,725,506
5674,731,513
5675,722,509
5676,721,497
5677,738,483
5678,730,486
5679,700,488
5680,744,498
5681,740,479
5682,708,469
5683,728,517
5684,714,486
5685,751,477
5686,724,482
5687,729,488
5688,729,479
5689,742,518
5690,731,478
5691,731,469
5692,733,496
5693,733,487
5694,735,502
5695,744,502
5696,738,500
5697,729,489
5698,731,495
5699,741,479
5700,735,483
5701,741,474
5702,738,478
5703,732,490
5704,734,490
5705,729,487
5706,720,506
5707,731,470
5708,722,478
5709,732,472
5710,722,488
5711,727,494
5712,732,490
5713,721,476
5714,733,490
5715,735,501
5716,732,477
5717,717,479
5718,734,488
5719,732,496
5720,727,483
5721,738,486
5722,722,496
5723,720,501
5724,740,495
5725,726,477
5726,728,491
5727,750,485
5728,745,485
5729,736,469
5730,734,491
5731,725,477
5732,719,475
5733,732,480
5734,733,474
5735,724,499
5736,734,493
5737,708,481
5738,731,469
5739,727,482
5740,713,472
5741,739,499
5742,716,484
5743,729,497
5744,735,498
5745,733,495
5746,732,476
5747,723,498
5748,740,505
5749,732,502
5750,745,479
5751,738,478
5752,724,474
5753,714,504
5754,741,502
5755,745,500
5756,715,522
5757,726,505
5758,728,493
5759,744,503
5760,736,496
5761,719,519
5762,741,491
5763,755,487
5764,719,491
5765,708,501
5766,710,490
5767,722,499
5768,738,496
5769,736,501
5770,721,495
5771,723,516
5772,710,493
5773,735,503
5774,730,491
5775,729,495
5776,719,486
5777,720,501
5778,722,494
5779,710,493
5780,736,503
5781,714,504
5782,726,487
5783,729,501
5784,726,502
5785,716,487
5786,723,485
5787,725,499
5788,724,494
5789,723,498
5790,706,496
5791,706,478
5792,729,492
5793,731,496
5794,707,505
5795,731,504
5796,706,506
5797,730,491
5798,724,506
5799,730,468
5800,732,506
5801,722,482
5802,745,506
5803,724,492
5804,717,498
5805,722,490
5806,742,499
5807,736,496
5808,733,499
5809,733,486
5810,737,502
5811,717,485
5812,732,480
5813,745,477
5814,730,496
5815,728,514
5816,738,484
5817,729,480
5818,726,491
5819,735,493
5820,725,503
5821,725,489
5822,722,489
5823,739,491
5824,734,497
5825,724,503
5826,730,485
5827,734,483
5828,727,469
5829,756,490
5830,725,477
5831,730,493
5832,729,499
5833,717,488
5834,732,491
5835,737,490
5836,729,507
5837,729,489
5838,731,488
5839,743,475
5840,747,502
5841,725,470
5842,725,483
5843,730,490
5844,734,491
5845,735,477
5846,730,488
5847,715,467
5848,724,499
5849,723,487
5850,749,491
5851,749,508
5852,731,478
5853,721,483
5854,727,489
5855,727,498
5856,730,496
5857,702,475
5858,736,514
5859,724,497
5860,730,479
5861,756,490
5862,713,487
5863,740,470
5864,727,472
5865,723,491
5866,746,485
5867,726,486
5868,735,502
5869,719,468
5870,733,480
5871,732,505
5872,734,478
5873,717,477
5874,722,493
5875,712,509
5876,769,510
5877,713,477
5878,723,509
5879,730,490
5880,738,507
5881,722,519
5882,719,491
5883,733,497
5884,744,515
5885,719,511
5886,723,492
5887,719,499
5888,731,497
5889,716,498
5890,724,514
5891,715,496
5892,732,526
5893,727,508
5894,726,506
5895,723,499
5896,723,495
5897,721,509
5898,723,496
5899,738,518
5900,721,497
5901,727,508
5902,729,487
5903,722,511
5904,704,511
5905,730,491
5906,720,516
5907,735,504
5908,743,497
5909,720,491
5910,724,486
5911,714,499
5912,714,491
5913,728,503
5914,731,486
5915,707,472
5916,741,496
5917,730,486
5918,751,509
5919,714,486
5920,750,501
5921,699,474
5922,696,482
5923,732,517
5924,707,491
5925,734,495
5926,731,477
5927,730,488
5928,718,492
5929,713,494
5930,727,481
5931,755,496
5932,756,516
5933,731,485
5934,731,499
5935,742,513
5936,739,486
5937,738,482
5938,743,499
5939,736,482
5940,743,491
5941,734,516
5942,736,491
5943,734,477
5944,742,484
5945,747,487
5946,734,495
5947,729,483
5948,727,491
5949,719,482
5950,725,491
5951,731,492
5952,758,485
5953,733,484
5954,736,481
5955,753,501
5956,731,484
5957,736,504
5958,733,494
5959,727,473
5960,737,497
5961,724,480
5962,733,489
5963,736,477
5964,739,483
5965,735,498
5966,724,494
5967,738,500
5968,728,488
5969,735,482
5970,741,489
5971,739,501
5972,741,490
5973,719,488
5974,766,494
5975,762,503
5976,736,525
5977,727,469
5978,721,492
5979,721,487
5980,740,471
5981,710,488
5982,727,473
5983,729,512
5984,717,502
5985,725,479
5986,746,478
